,,,Inside 10,Inside 10,Inside 10,Inside 5,Inside 5,Inside 5
2025,Player,Tm,Att,TD,%Rush,Att,TD,%Rush
2025,Christian McCaffrey,SFO,37,9,80.40%,18,8,78.30%
2025,Jonathan Taylor,IND,39,12,67.20%,19,9,61.30%
2025,Derrick Henry,BAL,40,10,76.90%,24,10,85.70%
2025,James Cook,BUF,26,6,40.60%,14,6,37.80%
2025,Travis Etienne,JAX,26,4,49.10%,11,2,40.70%
2025,Jahmyr Gibbs,DET,22,7,44.90%,9,3,39.10%
2025,Javonte Williams,DAL,28,10,57.10%,16,9,57.10%
2025,Kyren Williams,LAR,30,10,56.60%,18,8,62.10%
2025,Zach Charbonnet,SEA,31,10,64.60%,16,7,64.00%
2025,Josh Jacobs,GNB,30,10,66.70%,16,8,80.00%
2025,D'Andre Swift,CHI,24,6,46.20%,10,5,45.50%
2025,Jaylen Warren,PIT,22,4,47.80%,13,4,48.10%
2025,Saquon Barkley,PHI,24,3,50.00%,9,1,34.60%
2025,Kareem Hunt,KAN,21,8,50.00%,13,7,72.20%
2025,Chase Brown,CIN,18,5,56.30%,7,2,50.00%
2025,TreVeyon Henderson,NWE,21,5,37.50%,6,1,26.10%
2025,Kyle Monangai,CHI,19,5,36.50%,10,4,45.50%
2025,David Montgomery,DET,24,6,49.00%,14,5,60.90%
2025,Chris Rodriguez,WAS,22,6,41.50%,13,5,44.80%
2025,Woody Marks,HOU,15,1,42.90%,9,1,39.10%
2025,Bijan Robinson,ATL,17,4,42.50%,7,2,41.20%
2025,Josh Allen,BUF,22,13,34.40%,13,9,35.10%
2025,Tyler Allgeier,ATL,19,6,47.50%,7,4,41.20%
2025,Jacory Croskey-Merritt,WAS,20,5,37.70%,8,2,27.60%
2025,Ashton Jeanty,LVR,16,3,84.20%,9,3,90.00%
2025,Quinshon Judkins,CLE,18,6,54.50%,10,5,47.60%
2025,Kenneth Walker,SEA,10,3,20.80%,7,3,28.00%
2025,Rico Dowdle,CAR,13,6,46.40%,6,4,66.70%
2025,De'Von Achane,MIA,11,2,34.40%,3,1,23.10%
2025,Blake Corum,LAR,16,4,30.20%,9,4,31.00%
2025,RJ Harvey,DEN,14,5,40.00%,7,4,46.70%
2025,Jalen Hurts,PHI,15,8,31.30%,12,6,46.20%
2025,Jordan Mason,MIN,9,5,37.50%,6,3,50.00%
2025,Rhamondre Stevenson,NWE,16,5,28.60%,10,4,43.50%
2025,Kimani Vidal,LAC,11,2,32.40%,6,2,37.50%
2025,Bhayshul Tuten,JAX,8,5,15.10%,6,4,22.20%
2025,Emanuel Wilson,GNB,8,2,17.80%,3,2,15.00%
2025,Trevor Lawrence,JAX,14,8,26.40%,9,5,33.30%
2025,Cam Skattebo,NYG,12,4,23.50%,9,4,32.10%
2025,Omarion Hampton,LAC,15,3,44.10%,5,1,31.30%
2025,Devin Singletary,NYG,17,4,33.30%,9,2,32.10%
2025,Jaxson Dart,NYG,12,5,23.50%,7,4,25.00%
2025,Kenneth Gainwell,PIT,16,5,34.80%,8,4,29.60%
2025,Breece Hall,NYJ,10,2,40.00%,2,1,40.00%
2025,Tyrone Tracy,NYG,6,0,11.80%,1,0,3.60%
2025,Sean Tucker,TAM,14,6,46.70%,9,4,50.00%
2025,Caleb Williams,CHI,7,2,13.50%,2,1,9.10%
2025,J.K. Dobbins,DEN,11,2,31.40%,5,1,33.30%
2025,Ty Johnson,BUF,11,3,17.20%,6,2,16.20%
2025,Drake Maye,NWE,14,4,25.00%,2,0,8.70%
2025,Ollie Gordon,MIA,12,3,37.50%,6,2,46.20%
2025,Isiah Pacheco,KAN,7,1,16.70%,0,0,0.00%
2025,Tony Pollard,TEN,12,3,41.40%,4,2,40.00%
2025,Chuba Hubbard,CAR,7,1,25.00%,1,1,11.10%
2025,Bucky Irving,TAM,6,0,20.00%,0,0,0.00%
2025,Tank Bigsby,2TM,9,1,,5,1,
2025,Zonovan Knight,ARI,13,4,37.10%,6,3,37.50%
2025,Bo Nix,DEN,6,4,17.10%,0,0,0.00%
2025,Samaje Perine,CIN,8,2,25.00%,4,2,28.60%
2025,Rachaad White,TAM,9,4,30.00%,8,3,44.40%
2025,Daniel Jones,IND,10,5,17.20%,6,5,19.40%
2025,Aaron Jones,MIN,6,2,25.00%,2,2,16.70%
2025,Patrick Mahomes,KAN,5,2,11.90%,2,1,11.10%
2025,Nick Chubb,HOU,6,1,17.10%,6,1,26.10%
2025,Taysom Hill,NOR,8,1,24.20%,2,1,16.70%
2025,Alvin Kamara,NOR,6,0,18.20%,2,0,16.70%
2025,Tyler Shough,NOR,10,1,30.30%,3,1,25.00%
2025,Justin Herbert,LAC,6,2,17.60%,3,2,18.80%
2025,Lamar Jackson,BAL,5,2,9.60%,1,0,3.60%
2025,Dak Prescott,DAL,10,2,20.40%,6,1,21.40%
2025,Jaylen Wright,MIA,6,2,18.80%,3,2,23.10%
2025,Justin Fields,NYJ,5,3,20.00%,2,2,40.00%
2025,Keaton Mitchell,BAL,2,0,3.80%,0,0,0.00%
2025,Bryce Young,CAR,5,2,17.90%,1,1,11.10%
2025,Brian Robinson,SFO,4,1,8.70%,2,1,8.70%
2025,Brashard Smith,KAN,5,0,11.90%,0,0,0.00%
2025,Tyjae Spears,TEN,5,2,17.20%,2,2,20.00%
2025,Cam Ward,TEN,8,2,27.60%,1,0,10.00%
2025,Michael Carter,ARI,4,1,11.40%,3,1,18.80%
2025,Malik Davis,DAL,4,1,8.20%,2,1,7.10%
2025,Baker Mayfield,TAM,1,1,3.30%,1,1,5.60%
2025,C.J. Stroud,HOU,3,1,8.60%,2,1,8.70%
2025,Jaydon Blue,DAL,2,0,4.10%,1,0,3.60%
2025,Ray Davis,BUF,3,0,4.70%,2,0,5.40%
2025,Joe Flacco,2TM,6,1,,3,1,
2025,Tyler Huntley,BAL,1,0,1.90%,0,0,0.00%
2025,Marcus Mariota,WAS,3,1,5.70%,3,1,10.30%
2025,Brock Purdy,SFO,3,3,6.50%,2,2,8.70%
2025,Raheim Sanders,CLE,5,1,15.20%,4,1,19.00%
2025,Matthew Stafford,LAR,4,0,7.50%,2,0,6.90%
2025,Russell Wilson,NYG,3,0,5.90%,1,0,3.60%
2025,Braelon Allen,NYJ,3,1,12.00%,0,0,0.00%
2025,Jayden Daniels,WAS,2,2,3.80%,2,2,6.90%
2025,Sam Darnold,SEA,4,0,8.30%,1,0,4.00%
2025,Jordan Love,GNB,3,0,6.70%,1,0,5.00%
2025,J.J. McCarthy,MIN,4,2,16.70%,1,1,8.30%
2025,Jaret Patterson,LAC,2,1,5.90%,2,1,12.50%
2025,Dylan Sampson,CLE,1,0,3.00%,0,0,0.00%
2025,Miles Sanders,DAL,3,1,6.10%,1,1,3.60%
2025,Geno Smith,LVR,2,0,10.50%,1,0,10.00%
2025,Jacoby Brissett,ARI,5,1,14.30%,2,1,12.50%
2025,Isaiah Davis,NYJ,1,0,4.00%,0,0,0.00%
2025,Audric Estime,NOR,5,0,15.20%,3,0,25.00%
2025,DJ Giddens,IND,1,0,1.70%,1,0,3.20%
2025,Connor Heyward,PIT,4,2,8.70%,4,2,14.80%
2025,Jawhar Jordan,HOU,2,0,5.70%,1,0,4.30%
2025,Jaleel McLaughlin,DEN,2,1,5.70%,1,1,6.70%
2025,Kendre Miller,NOR,2,0,6.10%,0,0,0.00%
2025,Devin Neal,NOR,2,2,6.10%,2,2,16.70%
2025,Dare Ogunbowale,HOU,4,1,11.40%,2,0,8.70%
2025,Julius Chestnut,TEN,2,0,6.90%,2,0,20.00%
2025,James Conner,ARI,3,1,8.60%,3,1,18.80%
2025,Emari Demercado,ARI,4,0,11.40%,0,0,0.00%
2025,Trevor Etienne,CAR,3,0,10.70%,1,0,11.10%
2025,Jerome Ford,CLE,4,0,12.10%,3,0,14.30%
2025,Antonio Gibson,NWE,2,1,3.60%,2,1,8.70%
2025,George Holani,SEA,1,1,2.10%,0,0,0.00%
2025,Terrell Jennings,NWE,2,1,3.60%,2,1,8.70%
2025,Kaleb Johnson,PIT,0,0,0.00%,0,0,0.00%
2025,Jeremy McNichols,WAS,3,0,5.70%,1,0,3.40%
2025,Raheem Mostert,LVR,1,0,5.30%,0,0,0.00%
2025,Spencer Rattler,NOR,0,0,0.00%,0,0,0.00%
2025,Deebo Samuel,WAS,2,0,3.80%,1,0,3.40%
2025,Tyler Warren,IND,4,1,6.90%,3,1,9.70%
2025,Malik Willis,GNB,3,0,6.70%,0,0,0.00%
2025,Ameer Abdullah,IND,2,1,3.40%,1,1,3.20%
2025,LeQuint Allen,JAX,1,0,1.90%,1,0,3.70%
2025,Mark Andrews,BAL,3,0,5.80%,2,0,7.10%
2025,AJ Barner,SEA,2,1,4.20%,1,1,4.00%
2025,Trey Benson,ARI,2,0,5.70%,1,0,6.30%
2025,Chris Brooks,GNB,1,0,2.20%,0,0,0.00%
2025,Greg Dortch,ARI,1,1,2.90%,1,1,6.30%
2025,Jared Goff,DET,2,0,4.10%,0,0,0.00%
2025,Khalil Herbert,NYJ,1,0,4.00%,0,0,0.00%
2025,Justice Hill,BAL,1,1,1.90%,1,1,3.60%
2025,Mac Jones,SFO,1,0,2.20%,0,0,0.00%
2025,Kyler Murray,ARI,2,0,5.70%,0,0,0.00%
2025,Kene Nwangwu,NYJ,3,0,12.00%,1,0,20.00%
2025,Michael Penix,ATL,3,1,7.50%,2,1,11.80%
2025,Rashee Rice,KAN,3,1,7.10%,2,1,11.10%
2025,Aaron Rodgers,PIT,2,1,4.30%,2,1,7.40%
2025,Zavier Scott,MIN,1,0,4.20%,0,0,0.00%
2025,Cade Stover,HOU,1,0,2.90%,0,0,0.00%
2025,Tyrod Taylor,NYJ,1,1,4.00%,0,0,0.00%
2025,Malik Washington,MIA,1,1,3.10%,0,0,0.00%
2025,Tyler Badie,DEN,1,0,2.90%,1,0,6.70%
2025,British Brooks,HOU,2,0,5.70%,2,0,8.70%
2025,Jake Browning,CIN,1,1,3.10%,1,1,7.10%
2025,Joe Burrow,CIN,1,0,3.10%,1,0,7.10%
2025,Chimere Dike,TEN,2,0,6.90%,1,0,10.00%
2025,AJ Dillon,PHI,0,0,0.00%,0,0,0.00%
2025,Ashton Dulin,IND,0,0,0.00%,0,0,0.00%
2025,Austin Ekeler,WAS,0,0,0.00%,0,0,0.00%
2025,Harold Fannin,CLE,1,1,3.00%,1,1,4.80%
2025,Dillon Gabriel,CLE,0,0,0.00%,0,0,0.00%
2025,Matthew Golden,GNB,0,0,0.00%,0,0,0.00%
2025,C.J. Ham,MIN,2,2,8.30%,2,2,16.70%
2025,Hassan Haskins,LAC,0,0,0.00%,0,0,0.00%
2025,Josh Johnson,WAS,1,1,1.90%,1,1,3.40%
2025,Corey Kiner,ARI,1,0,2.90%,0,0,0.00%
2025,Riley Leonard,IND,2,2,3.40%,1,1,3.20%
2025,Jakobi Meyers,JAX,1,0,1.90%,0,0,0.00%
2025,Davis Mills,HOU,1,0,2.90%,1,0,4.30%
2025,Marvin Mims,DEN,0,0,0.00%,0,0,0.00%
2025,D.J. Moore,CHI,1,0,1.90%,0,0,0.00%
2025,Adam Prentice,DEN,1,0,2.90%,1,0,6.70%
2025,Jonnu Smith,PIT,0,0,0.00%,0,0,0.00%
2025,Tua Tagovailoa,MIA,0,0,0.00%,0,0,0.00%
2025,Carson Wentz,MIN,1,0,4.20%,0,0,0.00%
2025,Jameis Winston,NYG,1,1,2.00%,1,1,3.60%
2025,Rasheen Ali,BAL,0,0,0.00%,0,0,0.00%
2025,Andrew Beck,NYJ,1,0,4.00%,0,0,0.00%
2025,Dyami Brown,JAX,1,0,1.90%,0,0,0.00%
2025,Ty Chandler,MIN,1,0,4.20%,1,0,8.30%
2025,Nico Collins,HOU,1,1,2.90%,0,0,0.00%
2025,Malachi Corley,CLE,1,0,3.00%,1,0,4.80%
2025,Kirk Cousins,ATL,1,1,2.50%,1,1,5.90%
2025,DeeJay Dallas,CAR,0,0,0.00%,0,0,0.00%
2025,DeMario Douglas,NWE,0,0,0.00%,0,0,0.00%
2025,Greg Dulcich,MIA,1,0,3.10%,1,0,7.70%
2025,Terrance Ferguson,LAR,1,0,1.90%,0,0,0.00%
2025,Zay Flowers,BAL,0,0,0.00%,0,0,0.00%
2025,Reggie Gilliam,BUF,1,0,1.60%,1,0,2.70%
2025,Najee Harris,LAC,0,0,0.00%,0,0,0.00%
2025,Tre Harris,LAC,0,0,0.00%,0,0,0.00%
2025,T.J. Hockenson,MIN,0,0,0.00%,0,0,0.00%
2025,Evan Hull,NOR,0,0,0.00%,0,0,0.00%
2025,Travis Hunter,JAX,0,0,0.00%,0,0,0.00%
2025,Xavier Hutchinson,HOU,0,0,0.00%,0,0,0.00%
2025,Alec Ingold,MIA,1,0,3.10%,0,0,0.00%
2025,D'Ernest Johnson,NWE,1,0,1.80%,1,0,4.30%
2025,Tez Johnson,TAM,0,0,0.00%,0,0,0.00%
2025,Kyle Juszczyk,SFO,1,0,2.20%,1,0,4.30%
2025,Travis Kelce,KAN,1,0,2.40%,1,0,5.60%
2025,George Kittle,SFO,0,0,0.00%,0,0,0.00%
2025,Colston Loveland,CHI,1,0,1.90%,0,0,0.00%
2025,Hunter Luepke,DAL,0,0,0.00%,0,0,0.00%
2025,Phil Mafah,DAL,1,1,2.00%,1,1,3.60%
2025,Jalen McMillan,TAM,0,0,0.00%,0,0,0.00%
2025,D.K. Metcalf,PIT,1,1,2.20%,0,0,0.00%
2025,Joe Milton,DAL,1,0,2.00%,1,0,3.60%
2025,Elijah Moore,BUF,1,1,1.60%,1,1,2.70%
2025,Puka Nacua,LAR,1,0,1.90%,0,0,0.00%
2025,Dameon Pierce,HOU,0,0,0.00%,0,0,0.00%
2025,Mason Rudolph,PIT,1,0,2.20%,0,0,0.00%
2025,Shedeur Sanders,CLE,1,1,3.00%,0,0,0.00%
2025,Rashid Shaheed,NOR,0,0,0.00%,0,0,0.00%
2025,Amon-Ra St. Brown,DET,0,0,0.00%,0,0,0.00%
2025,Brian Thomas,JAX,1,1,1.90%,0,0,0.00%
2025,Parker Washington,JAX,1,0,1.90%,0,0,0.00%
2025,Christian Watson,GNB,0,0,0.00%,0,0,0.00%
2025,Jordan Whittington,LAR,1,0,1.90%,0,0,0.00%
2025,Jameson Williams,DET,1,0,2.00%,0,0,0.00%
2025,Savion Williams,GNB,0,0,0.00%,0,0,0.00%
2024,,,Inside 10,Inside 10,Inside 10,Inside 5,Inside 5,Inside 5
2024,Player,Tm,Att,TD,%Rush,Att,TD,%Rush
2024,Kyren Williams,LAR,33,13,78.60%,19,12,82.60%
2024,Bijan Robinson,ATL,34,12,65.40%,14,9,70.00%
2024,Jonathan Taylor,IND,31,7,55.40%,15,5,50.00%
2024,Josh Jacobs,GNB,40,14,69.00%,19,11,73.10%
2024,Joe Mixon,HOU,29,8,74.40%,12,6,80.00%
2024,Saquon Barkley,PHI,28,4,42.40%,13,4,37.10%
2024,Derrick Henry,BAL,32,13,72.70%,18,9,94.70%
2024,Jahmyr Gibbs,DET,26,10,40.00%,15,8,42.90%
2024,Najee Harris,PIT,26,5,49.10%,7,3,41.20%
2024,Jalen Hurts,PHI,28,13,42.40%,18,11,51.40%
2024,David Montgomery,DET,33,11,50.80%,17,8,48.60%
2024,James Cook,BUF,29,11,48.30%,13,6,48.10%
2024,Chase Brown,CIN,28,6,63.60%,12,5,57.10%
2024,James Conner,ARI,21,8,72.40%,11,5,64.70%
2024,Kareem Hunt,KAN,24,7,60.00%,14,5,56.00%
2024,Aaron Jones,MIN,24,3,66.70%,12,3,70.60%
2024,Chuba Hubbard,CAR,27,7,65.90%,17,7,77.30%
2024,Brian Robinson,WAS,24,7,35.30%,11,4,36.70%
2024,Rhamondre Stevenson,NWE,18,5,62.10%,11,5,64.70%
2024,De'Von Achane,MIA,23,4,59.00%,12,3,66.70%
2024,Jayden Daniels,WAS,16,5,23.50%,10,4,33.30%
2024,Bucky Irving,TAM,22,6,51.20%,12,4,60.00%
2024,Alvin Kamara,NOR,17,5,54.80%,7,3,58.30%
2024,Tank Bigsby,JAX,21,5,52.50%,11,4,50.00%
2024,Jordan Mason,SFO,19,3,33.90%,7,1,29.20%
2024,Tony Pollard,TEN,14,3,56.00%,5,2,50.00%
2024,Josh Allen,BUF,18,10,30.00%,10,7,37.00%
2024,D'Andre Swift,CHI,18,3,54.50%,8,3,38.10%
2024,J.K. Dobbins,LAC,17,5,37.00%,8,4,36.40%
2024,Javonte Williams,DEN,13,3,39.40%,8,1,38.10%
2024,Rico Dowdle,DAL,10,2,38.50%,5,2,41.70%
2024,Tyler Allgeier,ATL,13,3,25.00%,5,1,25.00%
2024,Zach Charbonnet,SEA,17,6,48.60%,11,4,44.00%
2024,Alexander Mattison,LVR,14,4,41.20%,10,4,50.00%
2024,Travis Etienne,JAX,10,2,25.00%,5,2,22.70%
2024,Tyrone Tracy,NYG,10,3,30.30%,4,3,25.00%
2024,Kenneth Walker,SEA,15,4,42.90%,11,4,44.00%
2024,Gus Edwards,LAC,12,4,26.10%,5,3,22.70%
2024,Austin Ekeler,WAS,11,3,16.20%,5,3,16.70%
2024,Kenneth Gainwell,PHI,8,0,12.10%,2,0,5.70%
2024,Rachaad White,TAM,13,3,30.20%,4,2,20.00%
2024,Breece Hall,NYJ,10,3,62.50%,8,3,80.00%
2024,Anthony Richardson,IND,14,5,25.00%,8,4,26.70%
2024,Ray Davis,BUF,7,2,11.70%,2,1,7.40%
2024,Lamar Jackson,BAL,8,3,18.20%,0,0,0.00%
2024,Bo Nix,DEN,6,4,18.20%,5,4,23.80%
2024,Jaylen Warren,PIT,6,1,11.30%,3,1,17.60%
2024,Nick Chubb,CLE,10,3,31.30%,5,3,35.70%
2024,Zack Moss,CIN,11,2,25.00%,6,1,28.60%
2024,Justin Fields,PIT,11,5,20.80%,4,2,23.50%
2024,Jaleel McLaughlin,DEN,6,1,18.20%,3,1,14.30%
2024,Brock Purdy,SFO,10,5,17.90%,4,3,16.70%
2024,Antonio Gibson,NWE,5,0,17.20%,3,0,17.60%
2024,Isaac Guerendo,SFO,10,3,17.90%,4,3,16.70%
2024,Roschon Johnson,CHI,10,6,30.30%,8,6,38.10%
2024,Raheem Mostert,MIA,10,2,25.60%,4,1,22.20%
2024,Ameer Abdullah,LVR,8,2,23.50%,4,1,20.00%
2024,Cam Akers,2TM,4,1,,2,1,
2024,Hassan Haskins,LAC,11,2,23.90%,8,2,36.40%
2024,Daniel Jones,NYG,7,2,21.20%,6,2,37.50%
2024,Emanuel Wilson,GNB,8,3,13.80%,4,2,15.40%
2024,Ezekiel Elliott,DAL,8,3,30.80%,3,3,25.00%
2024,D'Onta Foreman,CLE,9,0,28.10%,5,0,35.70%
2024,Jeremy McNichols,WAS,7,3,10.30%,2,2,6.70%
2024,Kyler Murray,ARI,2,1,6.90%,1,1,5.90%
2024,Trey Sermon,IND,7,2,12.50%,6,2,20.00%
2024,Patrick Taylor,SFO,5,1,8.90%,3,1,12.50%
2024,Audric Estime,DEN,4,2,12.10%,2,2,9.50%
2024,Jordan Love,GNB,4,1,6.90%,1,1,3.80%
2024,Chris Rodriguez,WAS,8,2,11.80%,2,1,6.70%
2024,Devin Singletary,NYG,9,4,27.30%,4,3,25.00%
2024,Tyjae Spears,TEN,6,3,24.00%,4,2,40.00%
2024,Braelon Allen,NYJ,5,1,31.30%,2,1,20.00%
2024,Jerome Ford,CLE,7,2,21.90%,2,2,14.30%
2024,Deebo Samuel,SFO,5,1,8.90%,2,1,8.30%
2024,Carson Steele,KAN,6,0,15.00%,4,0,16.00%
2024,Caleb Williams,CHI,1,0,3.00%,1,0,4.80%
2024,Russell Wilson,PIT,8,2,15.10%,2,2,11.80%
2024,Bryce Young,CAR,7,5,17.10%,2,2,9.10%
2024,Chris Brooks,GNB,2,1,3.40%,1,1,3.80%
2024,Jared Goff,DET,2,0,3.10%,1,0,2.90%
2024,Taysom Hill,NOR,6,4,19.40%,1,1,8.30%
2024,Patrick Mahomes,KAN,2,1,5.00%,1,1,4.00%
2024,Jamaal Williams,NOR,4,0,12.90%,1,0,8.30%
2024,Blake Corum,LAR,6,0,14.30%,2,0,8.70%
2024,Baker Mayfield,TAM,5,2,11.60%,2,1,10.00%
2024,Isiah Pacheco,KAN,5,1,12.50%,3,1,12.00%
2024,Geno Smith,SEA,3,0,8.60%,3,0,12.00%
2024,Michael Carter,ARI,3,1,10.30%,3,1,17.60%
2024,Sam Darnold,MIN,4,1,11.10%,2,1,11.80%
2024,Khalil Herbert,2TM,5,1,,4,1,
2024,D'Ernest Johnson,JAX,3,0,7.50%,1,0,4.50%
2024,Ty Johnson,BUF,3,1,5.00%,2,1,7.40%
2024,Will Levis,TEN,2,0,8.00%,0,0,0.00%
2024,Miles Sanders,CAR,3,2,7.30%,2,2,9.10%
2024,C.J. Stroud,HOU,3,0,7.70%,2,0,13.30%
2024,Zamir White,LVR,6,1,17.60%,2,1,10.00%
2024,Joe Burrow,CIN,3,1,6.80%,3,1,14.30%
2024,Tyler Goodson,IND,4,1,7.10%,1,0,3.30%
2024,Justin Herbert,LAC,4,2,8.70%,1,1,4.50%
2024,Christian McCaffrey,SFO,1,0,1.80%,1,0,4.20%
2024,Matthew Stafford,LAR,1,0,2.40%,1,0,4.30%
2024,Xavier Worthy,KAN,1,1,2.50%,1,1,4.00%
2024,Ty Chandler,MIN,2,0,5.60%,0,0,0.00%
2024,Eric Gray,NYG,3,0,9.10%,2,0,12.50%
2024,Justice Hill,BAL,3,0,6.80%,1,0,5.30%
2024,Drake Maye,NWE,2,1,6.90%,0,0,0.00%
2024,Sincere McCormick,LVR,2,0,5.90%,2,0,10.00%
2024,Dare Ogunbowale,HOU,2,0,5.10%,0,0,0.00%
2024,Cooper Rush,DAL,2,0,7.70%,0,0,0.00%
2024,Sean Tucker,TAM,3,2,7.00%,2,1,10.00%
2024,Deshaun Watson,CLE,2,1,6.30%,1,1,7.10%
2024,Malik Willis,GNB,3,1,5.20%,1,0,3.80%
2024,Jaylen Wright,MIA,0,0,0.00%,0,0,0.00%
2024,Michael Burton,DEN,4,1,12.10%,3,1,14.30%
2024,Derek Carr,NOR,3,1,9.70%,3,1,25.00%
2024,Julius Chestnut,TEN,1,0,4.00%,1,0,10.00%
2024,Trevor Lawrence,JAX,4,3,10.00%,3,2,13.60%
2024,Puka Nacua,LAR,1,1,2.40%,1,1,4.30%
2024,Dameon Pierce,HOU,1,0,2.60%,0,0,0.00%
2024,Mason Rudolph,TEN,1,0,4.00%,0,0,0.00%
2024,Mitchell Trubisky,BUF,1,0,1.70%,0,0,0.00%
2024,Kimani Vidal,LAC,1,0,2.20%,0,0,0.00%
2024,Rasheen Ali,BAL,0,0,0.00%,0,0,0.00%
2024,Trey Benson,ARI,1,1,3.40%,1,1,5.90%
2024,Jacoby Brissett,NWE,1,0,3.40%,1,0,5.90%
2024,Kirk Cousins,ATL,3,0,5.80%,0,0,0.00%
2024,Joshua Dobbs,SFO,3,2,5.40%,1,1,4.20%
2024,Mecole Hardman,KAN,0,0,0.00%,0,0,0.00%
2024,Tyler Huntley,MIA,1,1,2.60%,1,1,5.60%
2024,Jermar Jefferson,DET,3,0,4.60%,1,0,2.90%
2024,Kyle Juszczyk,SFO,3,1,5.40%,2,0,8.30%
2024,Hunter Luepke,DAL,2,0,7.70%,1,0,8.30%
2024,Kenny McIntosh,SEA,0,0,0.00%,0,0,0.00%
2024,Davis Mills,HOU,1,0,2.60%,0,0,0.00%
2024,Kendre Miller,NOR,1,1,3.20%,0,0,0.00%
2024,Joe Milton,NWE,2,1,6.90%,2,1,11.80%
2024,Jayden Reed,GNB,1,0,1.70%,0,0,0.00%
2024,Ronnie Rivers,LAR,1,0,2.40%,0,0,0.00%
2024,Rashid Shaheed,NOR,0,0,0.00%,0,0,0.00%
2024,Sterling Shepard,TAM,0,0,0.00%,0,0,0.00%
2024,Will Shipley,PHI,0,0,0.00%,0,0,0.00%
2024,Kyle Trask,TAM,0,0,0.00%,0,0,0.00%
2024,Tre Tucker,LVR,1,1,2.90%,1,1,5.00%
2024,DJ Turner,LVR,0,0,0.00%,0,0,0.00%
2024,Deuce Vaughn,DAL,1,0,3.80%,0,0,0.00%
2024,Jameis Winston,CLE,3,1,9.40%,1,1,7.10%
2024,Mike Boone,CAR,1,0,2.40%,0,0,0.00%
2024,Jonathon Brooks,CAR,2,0,4.90%,1,0,4.50%
2024,Malachi Corley,NYJ,0,0,0.00%,0,0,0.00%
2024,Isaiah Davis,NYJ,0,0,0.00%,0,0,0.00%
2024,Greg Dortch,ARI,1,0,3.40%,0,0,0.00%
2024,Joe Flacco,IND,0,0,0.00%,0,0,0.00%
2024,Zay Flowers,BAL,0,0,0.00%,0,0,0.00%
2024,Alec Ingold,MIA,1,1,2.60%,1,1,5.60%
2024,Mac Jones,JAX,2,1,5.00%,2,1,9.10%
2024,Trey Lance,DAL,1,0,3.80%,1,0,8.30%
2024,Drew Lock,NYG,2,2,6.10%,0,0,0.00%
2024,Marcus Mariota,WAS,2,1,2.90%,0,0,0.00%
2024,Gardner Minshew,LVR,1,0,2.90%,0,0,0.00%
2024,Adonai Mitchell,IND,0,0,0.00%,0,0,0.00%
2024,Jalen Nailor,MIN,1,0,2.80%,1,0,5.90%
2024,Aidan O'Connell,LVR,1,1,2.90%,1,1,5.00%
2024,Michael Penix,ATL,2,1,3.80%,1,0,5.00%
2024,Samaje Perine,KAN,1,1,2.50%,1,1,4.00%
2024,Kenny Pickett,PHI,2,1,3.00%,2,1,5.70%
2024,Dak Prescott,DAL,2,1,7.70%,2,1,16.70%
2024,Aaron Rodgers,NYJ,0,0,0.00%,0,0,0.00%
2024,Darius Slayton,NYG,1,0,3.00%,0,0,0.00%
2024,Tua Tagovailoa,MIA,0,0,0.00%,0,0,0.00%
2024,J.J. Taylor,HOU,1,0,2.60%,0,0,0.00%
2024,Dorian Thompson-Robinson,CLE,1,0,3.10%,0,0,0.00%
2024,Carson Wentz,KAN,0,0,0.00%,0,0,0.00%
2024,Jeff Wilson,MIA,2,0,5.10%,0,0,0.00%
2024,Jordan Addison,MIN,1,1,2.80%,0,0,0.00%
2024,Mark Andrews,BAL,1,0,2.30%,0,0,0.00%
2024,Tutu Atwell,LAR,0,0,0.00%,0,0,0.00%
2024,Raheem Blackshear,CAR,0,0,0.00%,0,0,0.00%
2024,Brandin Cooks,DAL,0,0,0.00%,0,0,0.00%
2024,DeeJay Dallas,ARI,0,0,0.00%,0,0,0.00%
2024,Derius Davis,LAC,1,0,2.20%,0,0,0.00%
2024,Tank Dell,HOU,0,0,0.00%,0,0,0.00%
2024,Tommy DeVito,NYG,0,0,0.00%,0,0,0.00%
2024,Stefon Diggs,HOU,1,1,2.60%,0,0,0.00%
2024,Ashton Dulin,IND,0,0,0.00%,0,0,0.00%
2024,Devin Duvernay,JAX,0,0,0.00%,0,0,0.00%
2024,Myles Gaskin,MIN,0,0,0.00%,0,0,0.00%
2024,Reggie Gilliam,BUF,1,0,1.70%,0,0,0.00%
2024,C.J. Ham,MIN,1,1,2.80%,1,1,5.90%
2024,Terrell Jennings,NWE,1,0,3.40%,0,0,0.00%
2024,Josh Johnson,BAL,0,0,0.00%,0,0,0.00%
2024,Travis Kelce,KAN,1,0,2.50%,1,0,4.00%
2024,Cooper Kupp,LAR,0,0,0.00%,0,0,0.00%
2024,CeeDee Lamb,DAL,0,0,0.00%,0,0,0.00%
2024,Tyreik McAllister,LVR,0,0,0.00%,0,0,0.00%
2024,Trey McBride,ARI,1,1,3.40%,1,1,5.90%
2024,Ray-Ray McCloud,ATL,0,0,0.00%,0,0,0.00%
2024,Jalen McMillan,TAM,0,0,0.00%,0,0,0.00%
2024,Jordan Mims,NOR,0,0,0.00%,0,0,0.00%
2024,David Moore,CAR,1,0,2.40%,0,0,0.00%
2024,Malik Nabers,NYG,1,0,3.00%,0,0,0.00%
2024,Cordarrelle Patterson,PIT,1,0,1.90%,0,0,0.00%
2024,Ricky Pearsall,SFO,0,0,0.00%,0,0,0.00%
2024,Ja'Lynn Polk,NWE,0,0,0.00%,0,0,0.00%
2024,Jalen Reagor,LAC,0,0,0.00%,0,0,0.00%
2024,Desmond Ridder,LVR,1,0,2.90%,0,0,0.00%
2024,Calvin Ridley,TEN,1,1,4.00%,0,0,0.00%
2024,Drew Sample,CIN,1,0,2.30%,0,0,0.00%
2024,Curtis Samuel,BUF,1,0,1.70%,0,0,0.00%
2024,Aaron Shampklin,PIT,1,0,1.90%,1,0,5.90%
2024,DeVonta Smith,PHI,0,0,0.00%,0,0,0.00%
2024,Jonnu Smith,MIA,1,0,2.60%,0,0,0.00%
2024,Amon-Ra St. Brown,DET,0,0,0.00%,0,0,0.00%
2024,Tyrod Taylor,NYJ,1,0,6.30%,0,0,0.00%
2024,Deven Thompkins,CAR,0,0,0.00%,0,0,0.00%
2024,Clayton Tune,ARI,0,0,0.00%,0,0,0.00%
2024,KaVontae Turpin,DAL,0,0,0.00%,0,0,0.00%
2024,Jaylen Waddle,MIA,1,0,2.60%,0,0,0.00%
2024,Malik Washington,MIA,0,0,0.00%,0,0,0.00%
2024,Jameson Williams,DET,1,1,1.50%,1,1,2.90%
2023,,,Inside 10,Inside 10,Inside 10,Inside 5,Inside 5,Inside 5
2023,Player,Tm,Att,TD,%Rush,Att,TD,%Rush
2023,Christian McCaffrey,SFO,34,11,60.70%,17,9,53.10%
2023,Tony Pollard,DAL,30,5,60.00%,13,3,54.20%
2023,Joe Mixon,CIN,38,8,80.90%,18,6,81.80%
2023,David Montgomery,DET,31,11,50.80%,17,9,58.60%
2023,Kyren Williams,LAR,32,11,62.70%,13,8,59.10%
2023,Raheem Mostert,MIA,33,13,56.90%,19,11,70.40%
2023,Jalen Hurts,PHI,29,14,43.30%,16,13,53.30%
2023,Najee Harris,PIT,23,8,59.00%,7,4,43.80%
2023,Isiah Pacheco,KAN,20,5,52.60%,9,5,50.00%
2023,Gus Edwards,BAL,30,13,48.40%,19,12,63.30%
2023,Zack Moss,IND,21,3,44.70%,9,3,34.60%
2023,Kenneth Walker,SEA,19,6,51.40%,13,5,76.50%
2023,Rachaad White,TAM,19,6,76.00%,8,6,66.70%
2023,Saquon Barkley,NYG,15,6,68.20%,6,4,100.00%
2023,Travis Etienne,JAX,16,6,48.50%,9,5,60.00%
2023,Jahmyr Gibbs,DET,21,5,34.40%,8,5,27.60%
2023,Javonte Williams,DEN,17,3,47.20%,8,3,50.00%
2023,Derrick Henry,TEN,24,8,75.00%,12,6,70.60%
2023,Josh Jacobs,LVR,22,5,59.50%,8,5,53.30%
2023,Alvin Kamara,NOR,22,4,40.00%,8,3,40.00%
2023,Josh Allen,BUF,21,12,32.80%,14,8,43.80%
2023,D'Andre Swift,PHI,27,5,40.30%,10,2,33.30%
2023,Tyler Allgeier,ATL,10,3,27.80%,4,2,36.40%
2023,AJ Dillon,GNB,18,2,52.90%,7,1,41.20%
2023,Aaron Jones,GNB,10,2,29.40%,6,2,35.30%
2023,Chuba Hubbard,CAR,17,5,58.60%,8,3,50.00%
2023,James Conner,ARI,18,6,54.50%,9,4,50.00%
2023,Kareem Hunt,CLE,15,8,48.40%,11,7,64.70%
2023,Devin Singletary,HOU,17,3,39.50%,7,2,30.40%
2023,James Cook,BUF,18,1,28.10%,4,1,12.50%
2023,Austin Ekeler,LAC,24,5,53.30%,13,5,56.50%
2023,Lamar Jackson,BAL,13,5,21.00%,5,1,16.70%
2023,Jonathan Taylor,IND,14,6,29.80%,9,4,34.60%
2023,Taysom Hill,NOR,18,3,32.70%,7,3,35.00%
2023,Brian Robinson,WAS,13,3,50.00%,7,2,46.70%
2023,Kenneth Gainwell,PHI,10,1,14.90%,3,1,10.00%
2023,Alexander Mattison,MIN,12,0,42.90%,9,0,56.30%
2023,Bijan Robinson,ATL,12,3,33.30%,2,1,18.20%
2023,Zach Charbonnet,SEA,13,1,35.10%,3,1,17.60%
2023,Justin Fields,CHI,11,3,28.20%,5,2,25.00%
2023,Dameon Pierce,HOU,14,2,32.60%,8,2,34.80%
2023,Ezekiel Elliott,NWE,11,3,57.90%,4,2,57.10%
2023,Breece Hall,NYJ,10,2,66.70%,1,1,50.00%
2023,Justice Hill,BAL,11,2,17.70%,4,2,13.30%
2023,Latavius Murray,BUF,17,4,26.60%,11,4,34.40%
2023,De'Von Achane,MIA,11,5,19.00%,4,3,14.80%
2023,Rhamondre Stevenson,NWE,8,3,42.10%,3,2,42.90%
2023,Russell Wilson,DEN,7,3,19.40%,4,3,25.00%
2023,D'Onta Foreman,CHI,10,4,25.60%,6,4,30.00%
2023,Jaylen Warren,PIT,8,0,20.50%,4,0,25.00%
2023,Jerome Ford,CLE,10,3,32.30%,4,3,23.50%
2023,Baker Mayfield,TAM,5,1,20.00%,3,1,25.00%
2023,Elijah Mitchell,SFO,12,2,21.40%,8,2,25.00%
2023,Rico Dowdle,DAL,6,2,12.00%,4,2,16.70%
2023,Khalil Herbert,CHI,5,1,12.80%,1,1,5.00%
2023,Royce Freeman,LAR,9,1,17.60%,4,1,18.20%
2023,Joshua Kelley,LAC,7,1,15.60%,3,1,13.00%
2023,Trevor Lawrence,JAX,10,4,30.30%,4,2,26.70%
2023,Patrick Mahomes,KAN,8,0,21.10%,5,0,27.80%
2023,Dak Prescott,DAL,7,1,14.00%,2,0,8.30%
2023,Desmond Ridder,ATL,7,5,19.40%,2,1,18.20%
2023,Zamir White,LVR,7,1,18.90%,3,1,20.00%
2023,Jamaal Williams,NOR,7,1,12.70%,2,1,10.00%
2023,Joshua Dobbs,2TM,4,3,,2,1,
2023,Justin Herbert,LAC,6,2,13.30%,5,2,21.70%
2023,Roschon Johnson,CHI,7,2,17.90%,5,2,25.00%
2023,Kyler Murray,ARI,9,3,27.30%,5,2,27.80%
2023,Samaje Perine,DEN,7,1,19.40%,3,1,18.80%
2023,Miles Sanders,CAR,7,1,24.10%,4,1,25.00%
2023,Jared Goff,DET,4,2,6.60%,2,2,6.90%
2023,Tank Bigsby,JAX,4,2,12.10%,2,2,13.30%
2023,Jake Browning,CIN,7,3,14.90%,4,3,18.20%
2023,Ty Chandler,MIN,5,3,17.90%,3,3,18.80%
2023,Sam Howell,WAS,5,4,19.20%,2,2,13.30%
2023,Jordan Love,GNB,5,4,14.70%,3,3,17.60%
2023,Deebo Samuel,SFO,2,2,3.60%,2,2,6.30%
2023,Tyjae Spears,TEN,5,1,15.60%,3,1,17.60%
2023,C.J. Stroud,HOU,6,3,14.00%,3,2,13.00%
2023,Tua Tagovailoa,MIA,6,0,10.30%,1,0,3.70%
2023,Jeff Wilson,MIA,2,0,3.40%,1,0,3.70%
2023,Matt Breida,NYG,1,1,4.50%,0,0,0.00%
2023,Dalvin Cook,NYJ,2,0,13.30%,0,0,0.00%
2023,Antonio Gibson,WAS,1,1,3.80%,1,1,6.70%
2023,Daniel Jones,NYG,2,0,9.10%,0,0,0.00%
2023,Anthony Richardson,IND,4,2,8.50%,3,2,11.50%
2023,Geno Smith,SEA,4,1,10.80%,0,0,0.00%
2023,Cam Akers,2TM,5,2,,2,1,
2023,Clyde Edwards-Helaire,KAN,5,1,13.20%,2,1,11.10%
2023,Jaleel McLaughlin,DEN,4,1,11.10%,0,0,0.00%
2023,Gardner Minshew,IND,5,2,10.60%,4,2,15.40%
2023,Cordarrelle Patterson,ATL,5,0,13.90%,2,0,18.20%
2023,Chris Rodriguez,WAS,4,1,15.40%,3,1,20.00%
2023,Isaiah Spiller,LAC,2,0,4.40%,0,0,0.00%
2023,Patrick Taylor,GNB,1,0,2.90%,1,0,5.90%
2023,Derek Carr,NOR,2,0,3.60%,0,0,0.00%
2023,Melvin Gordon,BAL,3,1,4.80%,0,0,0.00%
2023,Damien Harris,BUF,4,1,6.30%,2,1,6.30%
2023,Aidan O'Connell,LVR,3,1,8.10%,3,1,20.00%
2023,Brock Purdy,SFO,3,2,5.40%,2,2,6.30%
2023,Craig Reynolds,DET,5,1,8.20%,2,0,6.90%
2023,Easton Stick,LAC,5,1,11.10%,2,1,8.70%
2023,Bryce Young,CAR,4,0,13.80%,4,0,25.00%
2023,Salvon Ahmed,MIA,3,1,5.20%,1,0,3.70%
2023,Michael Carter,2TM,1,0,,0,0,
2023,Leonard Fournette,BUF,2,0,3.10%,1,0,3.10%
2023,Darrell Henderson,LAR,5,2,9.80%,3,2,13.60%
2023,D'Ernest Johnson,JAX,3,0,9.10%,0,0,0.00%
2023,Ty Johnson,BUF,0,0,0.00%,0,0,0.00%
2023,Tony Jones,NOR,5,2,9.10%,2,2,10.00%
2023,Pierre Strong,CLE,2,1,6.50%,2,1,11.80%
2023,Tyson Bagent,CHI,3,2,7.70%,3,2,15.00%
2023,Chase Brown,CIN,1,0,2.10%,0,0,0.00%
2023,Kirk Cousins,MIN,3,0,10.70%,2,0,12.50%
2023,Chase Edmonds,TAM,0,0,0.00%,0,0,0.00%
2023,Darrynton Evans,CHI,2,0,5.10%,0,0,0.00%
2023,Joe Flacco,CLE,1,0,3.20%,0,0,0.00%
2023,Tyler Goodson,IND,1,0,2.10%,0,0,0.00%
2023,Tyler Huntley,BAL,3,0,4.80%,1,0,3.30%
2023,Deon Jackson,IND,2,0,4.30%,1,0,3.80%
2023,Jordan Mason,SFO,2,2,3.60%,1,1,3.10%
2023,Kenny Pickett,PIT,2,1,5.10%,2,1,12.50%
2023,Curtis Samuel,WAS,1,1,3.80%,1,1,6.70%
2023,Kadarius Toney,KAN,1,0,2.60%,0,0,0.00%
2023,Mitchell Trubisky,PIT,3,2,7.70%,3,2,18.80%
2023,Deuce Vaughn,DAL,1,0,2.00%,1,0,4.20%
2023,Andrew Beck,HOU,3,1,7.00%,3,1,13.00%
2023,Nick Chubb,CLE,2,0,6.50%,0,0,0.00%
2023,Brandin Cooks,DAL,0,0,0.00%,0,0,0.00%
2023,Tommy DeVito,NYG,2,1,9.10%,0,0,0.00%
2023,Jimmy Garoppolo,LVR,2,0,5.40%,1,0,6.70%
2023,CeeDee Lamb,DAL,2,1,4.00%,1,1,4.20%
2023,Will Levis,TEN,2,1,6.30%,2,1,11.80%
2023,Jerick McKinnon,KAN,1,1,2.60%,0,0,0.00%
2023,Jakobi Meyers,LVR,1,1,2.70%,0,0,0.00%
2023,Kendre Miller,NOR,1,1,1.80%,1,1,5.00%
2023,Keaton Mitchell,BAL,0,0,0.00%,0,0,0.00%
2023,Puka Nacua,LAR,0,0,0.00%,0,0,0.00%
2023,Mason Rudolph,PIT,2,0,5.10%,0,0,0.00%
2023,Laviska Shenault,CAR,1,0,3.40%,0,0,0.00%
2023,Matthew Stafford,LAR,2,0,3.90%,1,0,4.50%
2023,Tyrod Taylor,NYG,0,0,0.00%,0,0,0.00%
2023,Deven Thompkins,TAM,0,0,0.00%,0,0,0.00%
2023,Deshaun Watson,CLE,0,0,0.00%,0,0,0.00%
2023,Carson Wentz,LAR,1,0,2.00%,0,0,0.00%
2023,Jamal Agnew,JAX,0,0,0.00%,0,0,0.00%
2023,Kyle Allen,BUF,0,0,0.00%,0,0,0.00%
2023,Raheem Blackshear,CAR,0,0,0.00%,0,0,0.00%
2023,Brandon Bolden,LVR,2,0,5.40%,0,0,0.00%
2023,Chris Brooks,MIA,2,0,3.40%,0,0,0.00%
2023,Joe Burrow,CIN,0,0,0.00%,0,0,0.00%
2023,Tank Dell,HOU,0,0,0.00%,0,0,0.00%
2023,Emari Demercado,ARI,1,0,3.00%,1,0,5.60%
2023,Erik Ezukanma,MIA,1,0,1.70%,1,0,3.70%
2023,Zay Flowers,BAL,1,0,1.60%,0,0,0.00%
2023,Xavier Gipson,NYJ,1,1,6.70%,0,0,0.00%
2023,Eric Gray,NYG,0,0,0.00%,0,0,0.00%
2023,Kevin Harris,NWE,0,0,0.00%,0,0,0.00%
2023,DeAndre Hopkins,TEN,1,0,3.10%,0,0,0.00%
2023,Xavier Hutchinson,HOU,1,0,2.30%,1,0,4.30%
2023,Keaontay Ingram,ARI,1,0,3.00%,0,0,0.00%
2023,Kyle Juszczyk,SFO,2,0,3.60%,1,0,3.10%
2023,Hunter Luepke,DAL,2,1,4.00%,2,1,8.30%
2023,Nick Mullens,MIN,1,0,3.60%,0,0,0.00%
2023,Dare Ogunbowale,HOU,0,0,0.00%,0,0,0.00%
2023,La'Mical Perine,KAN,2,0,5.30%,2,0,11.10%
2023,Jayden Reed,GNB,0,0,0.00%,0,0,0.00%
2023,Boston Scott,PHI,1,0,1.50%,1,0,3.30%
2023,Ryan Tannehill,TEN,0,0,0.00%,0,0,0.00%
2023,Dorian Thompson-Robinson,CLE,1,0,3.20%,0,0,0.00%
2023,KaVontae Turpin,DAL,1,1,2.00%,0,0,0.00%
2023,Zach Wilson,NYJ,1,0,6.70%,0,0,0.00%
2023,Jameis Winston,NOR,0,0,0.00%,0,0,0.00%
2023,Jordan Addison,MIN,0,0,0.00%,0,0,0.00%
2023,Keenan Allen,LAC,1,0,2.20%,0,0,0.00%
2023,Mark Andrews,BAL,0,0,0.00%,0,0,0.00%
2023,Tutu Atwell,LAR,0,0,0.00%,0,0,0.00%
2023,Calvin Austin,PIT,1,1,2.60%,0,0,0.00%
2023,Nick Bawden,NYJ,1,1,6.70%,1,1,50.00%
2023,Jake Bobo,SEA,1,1,2.70%,1,1,5.90%
2023,Mike Boone,HOU,0,0,0.00%,0,0,0.00%
2023,Tim Boyle,NYJ,0,0,0.00%,0,0,0.00%
2023,Jacoby Brissett,WAS,1,0,3.80%,1,0,6.70%
2023,Noah Brown,HOU,0,0,0.00%,0,0,0.00%
2023,Treylon Burks,TEN,0,0,0.00%,0,0,0.00%
2023,DeAndre Carter,LVR,0,0,0.00%,0,0,0.00%
2023,Jashaun Corbin,NYG,1,0,4.50%,0,0,0.00%
2023,Sam Darnold,SFO,1,1,1.80%,1,1,3.10%
2023,Derius Davis,LAC,0,0,0.00%,0,0,0.00%
2023,Stefon Diggs,BUF,1,0,1.60%,0,0,0.00%
2023,J.K. Dobbins,BAL,1,1,1.60%,1,1,3.30%
2023,Elijah Dotson,LAC,0,0,0.00%,0,0,0.00%
2023,Devin Duvernay,BAL,0,0,0.00%,0,0,0.00%
2023,Chris Godwin,TAM,0,0,0.00%,0,0,0.00%
2023,Dallas Goedert,PHI,0,0,0.00%,0,0,0.00%
2023,Derrick Gore,WAS,1,0,3.80%,0,0,0.00%
2023,Noah Gray,KAN,1,0,2.60%,0,0,0.00%
2023,Jaren Hall,MIN,1,0,3.60%,1,0,6.30%
2023,Deonte Harty,BUF,1,0,1.60%,0,0,0.00%
2023,Taylor Heinicke,ATL,0,0,0.00%,0,0,0.00%
2023,Peyton Hendershot,DAL,1,0,2.00%,1,0,4.20%
2023,Tyreek Hill,MIA,0,0,0.00%,0,0,0.00%
2023,KhaDarel Hodge,ATL,1,0,2.80%,0,0,0.00%
2023,Justin Jefferson,MIN,1,0,3.60%,0,0,0.00%
2023,Case Keenum,HOU,1,0,2.30%,1,0,4.30%
2023,Cole Kmet,CHI,1,0,2.60%,0,0,0.00%
2023,Cooper Kupp,LAR,0,0,0.00%,0,0,0.00%
2023,John Metchie,HOU,0,0,0.00%,0,0,0.00%
2023,Davis Mills,HOU,1,0,2.30%,0,0,0.00%
2023,Marvin Mims,DEN,0,0,0.00%,0,0,0.00%
2023,Darnell Mooney,CHI,0,0,0.00%,0,0,0.00%
2023,D.J. Moore,CHI,0,0,0.00%,0,0,0.00%
2023,Elijah Moore,CLE,0,0,0.00%,0,0,0.00%
2023,Rondale Moore,ARI,0,0,0.00%,0,0,0.00%
2023,Kalif Raymond,DET,0,0,0.00%,0,0,0.00%
2023,Calvin Ridley,JAX,0,0,0.00%,0,0,0.00%
2023,Wan'Dale Robinson,NYG,0,0,0.00%,0,0,0.00%
2023,Trey Sermon,IND,0,0,0.00%,0,0,0.00%
2023,Khalil Shakir,BUF,0,0,0.00%,0,0,0.00%
2023,Sterling Shepard,NYG,1,0,4.50%,0,0,0.00%
2023,Ihmir Smith-Marsette,CAR,0,0,0.00%,0,0,0.00%
2023,Jonnu Smith,ATL,1,0,2.80%,1,0,9.10%
2023,Jarrett Stidham,DEN,1,0,2.80%,1,0,6.30%
2023,Amon-Ra St. Brown,DET,0,0,0.00%,0,0,0.00%
2023,Adam Thielen,CAR,0,0,0.00%,0,0,0.00%
2023,Tre Tucker,LVR,0,0,0.00%,0,0,0.00%
2023,Clayton Tune,ARI,1,1,3.00%,1,1,5.60%
2023,Ke'Shawn Vaughn,TAM,1,0,4.00%,1,0,8.30%
2023,Jameson Williams,DET,0,0,0.00%,0,0,0.00%
2023,Trayveon Williams,CIN,1,0,2.10%,0,0,0.00%
2023,Emanuel Wilson,GNB,0,0,0.00%,0,0,0.00%
2023,Bailey Zappe,NWE,0,0,0.00%,0,0,0.00%
2022,,,Inside 10,Inside 10,Inside 10,Inside 5,Inside 5,Inside 5
2022,Player,Tm,Att,TD,%Rush,Att,TD,%Rush
2022,Jamaal Williams,DET,45,15,73.80%,28,14,84.80%
2022,Kenneth Walker,SEA,16,2,76.20%,9,1,100.00%
2022,Austin Ekeler,LAC,24,10,63.20%,8,6,53.30%
2022,Miles Sanders,PHI,26,8,36.10%,11,5,26.80%
2022,Jalen Hurts,PHI,26,11,36.10%,20,9,48.80%
2022,Travis Etienne,JAX,23,4,47.90%,10,2,43.50%
2022,Josh Jacobs,LVR,23,8,85.20%,11,5,91.70%
2022,Dalvin Cook,MIN,24,6,53.30%,15,5,60.00%
2022,Najee Harris,PIT,22,6,53.70%,9,3,37.50%
2022,Tyler Allgeier,ATL,17,3,35.40%,6,1,33.30%
2022,Christian McCaffrey,2TM,21,5,,10,5,
2022,Joe Mixon,CIN,29,6,58.00%,14,5,63.60%
2022,Nick Chubb,CLE,20,7,52.60%,12,6,63.20%
2022,Derrick Henry,TEN,17,10,70.80%,15,10,88.20%
2022,Saquon Barkley,NYG,23,7,51.10%,14,7,58.30%
2022,Ezekiel Elliott,DAL,26,11,61.90%,16,9,69.60%
2022,Devin Singletary,BUF,17,4,43.60%,7,2,38.90%
2022,D'Onta Foreman,CAR,16,3,48.50%,7,3,50.00%
2022,Dameon Pierce,HOU,15,3,50.00%,7,3,53.80%
2022,David Montgomery,CHI,16,5,37.20%,3,2,15.00%
2022,Rhamondre Stevenson,NWE,19,3,59.40%,7,2,58.30%
2022,Jonathan Taylor,IND,16,3,50.00%,8,3,50.00%
2022,Isiah Pacheco,KAN,20,5,43.50%,7,3,30.40%
2022,Cordarrelle Patterson,ATL,12,6,25.00%,5,4,27.80%
2022,Aaron Jones,GNB,9,0,28.10%,2,0,12.50%
2022,Cam Akers,LAR,14,6,53.80%,8,5,57.10%
2022,AJ Dillon,GNB,17,5,53.10%,10,4,62.50%
2022,Leonard Fournette,TAM,19,3,65.50%,8,3,61.50%
2022,Josh Allen,BUF,15,5,38.50%,11,4,61.10%
2022,Justin Fields,CHI,15,5,34.90%,10,5,50.00%
2022,Antonio Gibson,WAS,16,3,37.20%,8,3,47.10%
2022,Kareem Hunt,CLE,12,2,31.60%,4,2,21.10%
2022,Daniel Jones,NYG,14,5,31.10%,7,3,29.20%
2022,Jeff Wilson,2TM,16,3,,8,3,
2022,James Conner,ARI,15,6,44.10%,6,4,37.50%
2022,Tony Pollard,DAL,12,3,28.60%,6,2,26.10%
2022,Brian Robinson,WAS,14,2,32.60%,5,2,29.40%
2022,D'Andre Swift,DET,11,4,18.00%,4,2,12.10%
2022,Joe Burrow,CIN,14,4,28.00%,7,4,31.80%
2022,Khalil Herbert,CHI,8,2,18.60%,6,2,30.00%
2022,Alvin Kamara,NOR,8,2,30.80%,4,2,36.40%
2022,Jerick McKinnon,KAN,7,0,15.20%,5,0,21.70%
2022,Raheem Mostert,MIA,8,1,38.10%,3,1,25.00%
2022,Michael Carter,NYJ,8,3,26.70%,3,2,21.40%
2022,Kenyan Drake,BAL,7,3,17.50%,3,3,18.80%
2022,Caleb Huntley,ATL,8,1,16.70%,1,0,5.60%
2022,Lamar Jackson,BAL,9,2,22.50%,4,1,25.00%
2022,Taysom Hill,NOR,12,5,46.20%,3,2,27.30%
2022,Marcus Mariota,ATL,8,4,16.70%,4,3,22.20%
2022,James Robinson,2TM,10,0,,4,0,
2022,Kenneth Gainwell,PHI,12,4,16.70%,6,3,14.60%
2022,Zack Moss,IND,7,0,21.90%,3,0,18.80%
2022,Breece Hall,NYJ,9,2,30.00%,4,1,28.60%
2022,Chuba Hubbard,CAR,5,1,15.20%,1,1,7.10%
2022,Samaje Perine,CIN,6,2,12.00%,0,0,0.00%
2022,J.K. Dobbins,BAL,7,2,17.50%,4,2,25.00%
2022,Melvin Gordon,DEN,10,2,35.70%,6,2,40.00%
2022,Joshua Kelley,LAC,8,2,21.10%,3,1,20.00%
2022,Trevor Lawrence,JAX,9,5,18.80%,6,5,26.10%
2022,Patrick Mahomes,KAN,6,3,13.00%,3,2,13.00%
2022,Eno Benjamin,2TM,5,1,,1,0,
2022,Alexander Mattison,MIN,12,4,26.70%,3,2,12.00%
2022,Gus Edwards,BAL,7,3,17.50%,2,2,12.50%
2022,Elijah Mitchell,SFO,7,2,11.70%,2,0,6.50%
2022,Kyler Murray,ARI,5,3,14.70%,4,2,25.00%
2022,Latavius Murray,2TM,11,6,,6,5,
2022,Jaylen Warren,PIT,4,1,9.80%,2,1,8.30%
2022,James Cook,BUF,4,0,10.30%,0,0,0.00%
2022,Damien Harris,NWE,6,3,18.80%,2,2,16.70%
2022,Tyler Huntley,BAL,4,1,10.00%,1,1,6.30%
2022,Kenny Pickett,PIT,7,3,17.10%,6,3,25.00%
2022,Rachaad White,TAM,5,1,17.20%,3,1,23.10%
2022,Jacoby Brissett,CLE,5,2,13.20%,2,2,10.50%
2022,Tyrion Davis-Price,SFO,4,0,6.70%,1,0,3.20%
2022,Zonovan Knight,NYJ,4,0,13.30%,3,0,21.40%
2022,Boston Scott,PHI,5,3,6.90%,3,2,7.30%
2022,Tom Brady,TAM,2,1,6.90%,2,1,15.40%
2022,Matt Breida,NYG,4,1,8.90%,1,1,4.20%
2022,Clyde Edwards-Helaire,KAN,5,2,10.90%,4,2,17.40%
2022,Darrell Henderson,LAR,7,3,26.90%,3,2,21.40%
2022,Deon Jackson,IND,1,1,3.10%,1,1,6.30%
2022,Keaontay Ingram,ARI,2,1,5.90%,2,1,12.50%
2022,Mac Jones,NWE,3,1,9.40%,1,1,8.30%
2022,Dare Ogunbowale,HOU,4,1,13.30%,2,1,15.40%
2022,Deebo Samuel,SFO,3,1,5.00%,1,0,3.20%
2022,Zach Wilson,NYJ,4,1,13.30%,2,0,14.30%
2022,Royce Freeman,HOU,3,0,10.00%,0,0,0.00%
2022,Jaret Patterson,WAS,3,0,7.00%,0,0,0.00%
2022,Brock Purdy,SFO,6,1,10.00%,5,1,16.10%
2022,Aaron Rodgers,GNB,5,1,15.60%,4,1,25.00%
2022,Curtis Samuel,WAS,1,1,2.30%,0,0,0.00%
2022,Geno Smith,SEA,2,1,9.50%,0,0,0.00%
2022,Ryan Tannehill,TEN,6,2,25.00%,2,2,11.80%
2022,Kirk Cousins,MIN,4,1,8.90%,3,1,12.00%
2022,Andy Dalton,NOR,2,0,7.70%,2,0,18.20%
2022,Trestan Ebner,CHI,4,0,9.30%,1,0,5.00%
2022,Jamycal Hasty,JAX,4,1,8.30%,2,0,8.70%
2022,Justin Herbert,LAC,3,0,7.90%,1,0,6.70%
2022,Baker Mayfield,CAR,1,1,3.00%,0,0,0.00%
2022,Davis Mills,HOU,3,1,10.00%,1,1,7.70%
2022,Dak Prescott,DAL,2,1,4.80%,0,0,0.00%
2022,Deshaun Watson,CLE,1,0,2.60%,1,0,5.30%
2022,Raheem Blackshear,CAR,4,3,12.10%,2,1,14.30%
2022,Sam Darnold,CAR,4,2,12.10%,3,2,21.40%
2022,Chase Edmonds,MIA,2,2,9.50%,2,2,16.70%
2022,Jimmy Garoppolo,SFO,4,2,6.70%,4,2,12.90%
2022,Nyheim Hines,2TM,5,1,,1,0,
2022,Mark Ingram,NOR,3,1,11.50%,1,0,9.10%
2022,Justin Jackson,DET,2,0,3.30%,1,0,3.00%
2022,Kyle Juszczyk,SFO,2,1,3.30%,2,1,6.50%
2022,Sony Michel,LAC,2,0,5.30%,2,0,13.30%
2022,Rashaad Penny,SEA,1,0,4.80%,0,0,0.00%
2022,Desmond Ridder,ATL,2,0,4.20%,2,0,11.10%
2022,Carson Wentz,WAS,4,1,9.30%,2,1,11.80%
2022,Jonathan Williams,WAS,1,0,2.30%,1,0,5.90%
2022,Russell Wilson,DEN,2,2,7.10%,2,2,13.30%
2022,Gary Brightwell,NYG,3,1,6.70%,1,1,4.20%
2022,Malcolm Brown,LAR,3,0,11.50%,2,0,14.30%
2022,Tevin Coleman,SFO,2,1,3.30%,1,0,3.20%
2022,Sam Ehlinger,IND,2,0,6.30%,1,0,6.30%
2022,Jared Goff,DET,2,0,3.30%,0,0,0.00%
2022,Taylor Heinicke,WAS,3,1,7.00%,1,1,5.90%
2022,Justice Hill,BAL,1,0,2.50%,0,0,0.00%
2022,Trey Lance,SFO,1,0,1.70%,0,0,0.00%
2022,Matt Ryan,IND,3,1,9.40%,2,1,12.50%
2022,Amon-Ra St. Brown,DET,1,0,1.60%,0,0,0.00%
2022,Tua Tagovailoa,MIA,0,0,0.00%,0,0,0.00%
2022,Darrel Williams,ARI,1,1,2.90%,1,1,6.30%
2022,Javonte Williams,DEN,4,0,14.30%,1,0,6.70%
2022,Tutu Atwell,LAR,0,0,0.00%,0,0,0.00%
2022,Brandon Bolden,LVR,2,0,7.40%,1,0,8.30%
2022,Rex Burkhead,HOU,3,0,10.00%,2,0,15.40%
2022,Derek Carr,LVR,0,0,0.00%,0,0,0.00%
2022,Corey Clement,ARI,3,1,8.80%,1,1,6.30%
2022,Malik Davis,DAL,1,0,2.40%,0,0,0.00%
2022,Mike Davis,BAL,2,0,5.00%,2,0,12.50%
2022,Jeff Driskel,HOU,2,0,6.70%,1,0,7.70%
2022,Devin Duvernay,BAL,1,0,2.50%,0,0,0.00%
2022,Kevin Harris,NWE,1,0,3.10%,0,0,0.00%
2022,Travis Homer,SEA,2,0,9.50%,0,0,0.00%
2022,Jordan Mason,SFO,2,0,3.30%,1,0,3.20%
2022,Nick Mullens,MIN,2,0,4.40%,1,0,4.00%
2022,Pierre Strong,NWE,1,1,3.10%,1,1,8.30%
2022,Mitchell Trubisky,PIT,3,2,7.30%,3,2,12.50%
2022,Mike White,NYJ,3,1,10.00%,1,1,7.10%
2022,Malik Willis,TEN,1,0,4.20%,0,0,0.00%
2022,Salvon Ahmed,MIA,0,0,0.00%,0,0,0.00%
2022,Giovani Bernard,TAM,1,0,3.40%,0,0,0.00%
2022,Kendrick Bourne,NWE,0,0,0.00%,0,0,0.00%
2022,Spencer Brown,CAR,2,0,6.10%,0,0,0.00%
2022,Julius Chestnut,TEN,0,0,0.00%,0,0,0.00%
2022,DeeJay Dallas,SEA,0,0,0.00%,0,0,0.00%
2022,Greg Dortch,ARI,1,0,2.90%,1,0,6.30%
2022,Chris Godwin,TAM,2,0,6.90%,0,0,0.00%
2022,C.J. Ham,MIN,2,2,4.40%,2,2,8.00%
2022,Chad Henne,KAN,2,0,4.30%,0,0,0.00%
2022,Tyreek Hill,MIA,1,1,4.80%,1,1,8.30%
2022,Alec Ingold,MIA,2,1,9.50%,2,1,16.70%
2022,David Johnson,NOR,0,0,0.00%,0,0,0.00%
2022,Diontae Johnson,PIT,0,0,0.00%,0,0,0.00%
2022,Ty Johnson,NYJ,0,0,0.00%,0,0,0.00%
2022,Zay Jones,JAX,1,0,2.10%,0,0,0.00%
2022,Case Keenum,BUF,0,0,0.00%,0,0,0.00%
2022,Travis Kelce,KAN,2,0,4.30%,1,0,4.30%
2022,Colt McCoy,ARI,1,0,2.90%,0,0,0.00%
2022,Isaiah McKenzie,BUF,1,1,2.60%,0,0,0.00%
2022,Gardner Minshew,PHI,2,1,2.80%,1,1,2.40%
2022,Bryce Perkins,LAR,1,0,3.80%,0,0,0.00%
2022,Brandon Powell,LAR,0,0,0.00%,0,0,0.00%
2022,Adam Prentice,NOR,0,0,0.00%,0,0,0.00%
2022,Patrick Ricard,BAL,2,0,5.00%,0,0,0.00%
2022,Durham Smythe,MIA,1,1,4.80%,1,1,8.30%
2022,Benny Snell,PIT,1,1,2.40%,1,1,4.20%
2022,Jarrett Stidham,LVR,1,0,3.70%,0,0,0.00%
2022,Trent Taylor,CIN,1,0,2.00%,1,0,4.50%
2022,Tyquan Thornton,NWE,1,0,3.10%,0,0,0.00%
2022,Kadarius Toney,KAN,0,0,0.00%,0,0,0.00%
2022,Derek Watt,PIT,1,1,2.40%,1,1,4.20%
2022,Zamir White,LVR,0,0,0.00%,0,0,0.00%
2022,Jordan Wilkins,IND,0,0,0.00%,0,0,0.00%
2022,Avery Williams,ATL,1,1,2.10%,0,0,0.00%
2022,Ameer Abdullah,LVR,1,0,3.70%,0,0,0.00%
2022,Daniel Bellinger,NYG,1,1,2.20%,1,1,4.20%
2022,Braxton Berrios,NYJ,0,0,0.00%,0,0,0.00%
2022,Mike Boone,DEN,0,0,0.00%,0,0,0.00%
2022,Teddy Bridgewater,MIA,0,0,0.00%,0,0,0.00%
2022,Michael Burton,KAN,0,0,0.00%,0,0,0.00%
2022,Parris Campbell,IND,0,0,0.00%,0,0,0.00%
2022,Ja'Marr Chase,CIN,0,0,0.00%,0,0,0.00%
2022,Chase Claypool,PIT,1,0,2.40%,1,0,4.20%
2022,Tyler Conklin,NYJ,1,0,3.30%,1,0,7.10%
2022,Snoop Conner,JAX,1,1,2.10%,1,1,4.30%
2022,Evan Engram,JAX,1,0,2.10%,0,0,0.00%
2022,Nick Foles,IND,0,0,0.00%,0,0,0.00%
2022,Noah Gray,KAN,1,1,2.20%,1,1,4.30%
2022,KJ Hamler,DEN,0,0,0.00%,0,0,0.00%
2022,Mecole Hardman,KAN,1,1,2.20%,1,1,4.30%
2022,Peyton Hendershot,DAL,1,1,2.40%,1,1,4.30%
2022,Zander Horvath,LAC,1,0,2.60%,1,0,6.70%
2022,Sam Howell,WAS,1,1,2.30%,0,0,0.00%
2022,Robert Hunt,MIA,0,0,0.00%,0,0,0.00%
2022,Andy Isabella,BAL,0,0,0.00%,0,0,0.00%
2022,Justin Jefferson,MIN,1,1,2.20%,1,1,4.00%
2022,D'Ernest Johnson,CLE,0,0,0.00%,0,0,0.00%
2022,Duke Johnson,BUF,0,0,0.00%,0,0,0.00%
2022,Josh Johnson,SFO,0,0,0.00%,0,0,0.00%
2022,Ronald Jones,KAN,1,1,2.20%,1,1,4.30%
2022,Velus Jones,CHI,0,0,0.00%,0,0,0.00%
2022,CeeDee Lamb,DAL,0,0,0.00%,0,0,0.00%
2022,Marlon Mack,DEN,1,1,3.60%,1,1,6.70%
2022,Anthony McFarland,PIT,1,0,2.40%,0,0,0.00%
2022,J.D. McKissic,WAS,0,0,0.00%,0,0,0.00%
2022,Trace McSorley,ARI,0,0,0.00%,0,0,0.00%
2022,Darnell Mooney,CHI,0,0,0.00%,0,0,0.00%
2022,D.J. Moore,CAR,0,0,0.00%,0,0,0.00%
2022,Rondale Moore,ARI,1,0,2.90%,0,0,0.00%
2022,Skyy Moore,KAN,1,0,2.20%,0,0,0.00%
2022,Zach Pascal,PHI,1,0,1.40%,0,0,0.00%
2022,George Pickens,PIT,1,1,2.40%,1,1,4.20%
2022,Kalif Raymond,DET,0,0,0.00%,0,0,0.00%
2022,Jalen Reagor,MIN,0,0,0.00%,0,0,0.00%
2022,Craig Reynolds,DET,0,0,0.00%,0,0,0.00%
2022,Ronnie Rivers,LAR,0,0,0.00%,0,0,0.00%
2022,Ben Skowronek,LAR,0,0,0.00%,0,0,0.00%
2022,Matthew Stafford,LAR,1,1,3.80%,1,1,7.10%
2022,J.J. Taylor,NWE,1,0,3.10%,1,0,8.30%
2022,Patrick Taylor,GNB,1,0,3.10%,0,0,0.00%
2022,DJ Turner,LVR,0,0,0.00%,0,0,0.00%
2022,KaVontae Turpin,DAL,0,0,0.00%,0,0,0.00%
2022,Dwayne Washington,NOR,0,0,0.00%,0,0,0.00%
2022,Montrell Washington,DEN,1,0,3.60%,0,0,0.00%
2022,Quez Watkins,PHI,0,0,0.00%,0,0,0.00%
2022,Christian Watson,GNB,0,0,0.00%,0,0,0.00%
2022,Davis Webb,NYG,0,0,0.00%,0,0,0.00%
2022,Garrett Wilson,NYJ,0,0,0.00%,0,0,0.00%
2022,Bailey Zappe,NWE,0,0,0.00%,0,0,0.00%