,,,Inside 10,Inside 10,Inside 10,Inside 5,Inside 5,Inside 5
2026,Player,Tm,Att,TD,%Rush,Att,TD,%Rush
2026,Derrick Henry,BAL,34.5,10.8,68.07%,19.1,8.7,76.51%
2026,Josh Jacobs,GNB,30.5,10.0,65.42%,15.3,8.2,72.14%
2026,Kyren Williams,LAR,29.2,10.4,61.08%,16.9,8.9,66.35%
2026,Jonathan Taylor,IND,26.3,7.6,48.01%,12.6,5.4,43.19%
2026,James Cook,BUF,24.0,6.3,39.00%,11.3,4.8,34.84%
2026,Jahmyr Gibbs,DET,23.0,7.6,41.01%,10.6,4.8,37.91%
2026,Zach Charbonnet,SEA,21.9,6.8,53.37%,11.3,4.7,49.20%
2026,Christian McCaffrey,SFO,21.8,5.6,42.73%,10.2,4.6,40.81%
2026,Bijan Robinson,ATL,20.4,6.0,47.10%,7.7,3.7,45.28%
2026,Josh Allen,BUF,19.8,11.3,32.30%,12.1,8.0,37.40%
2026,Javonte Williams,DAL,18.9,5.8,45.15%,9.9,4.4,44.37%
2026,Chase Brown,CIN,18.9,4.6,48.63%,7.6,2.7,43.14%
2026,Ashton Jeanty,LVR,18.6,3.5,69.64%,8.9,3.0,64.23%
2026,Rico Dowdle,PIT,17.5,6.6,37.48%,10.2,5.8,45.83%
2026,Quinshon Judkins,CLE,16.8,5.6,51.12%,8.3,4.1,45.46%
2026,Omarion Hampton,LAC,16.5,3.3,41.87%,5.7,1.1,30.38%
2026,Jacory Croskey-Merritt,WAS,16.1,4.0,30.54%,6.5,1.6,24.45%
2026,Rhamondre Stevenson,NWE,15.9,4.7,38.78%,9.0,3.8,49.08%
2026,Rachaad White,WAS,15.6,5.2,29.63%,9.2,4.3,34.45%
2026,Saquon Barkley,PHI,15.6,2.6,27.12%,7.0,1.8,23.14%
2026,De'Von Achane,MIA,14.5,3.1,38.86%,5.6,1.8,34.01%
2026,Jaylen Warren,PIT,14.3,2.4,30.53%,6.9,2.0,31.09%
2026,D'Andre Swift,CHI,14.2,3.1,32.40%,5.6,2.3,26.23%
2026,David Montgomery,HOU,14.2,4.3,38.41%,8.8,3.8,43.55%
2026,TreVeyon Henderson,NWE,14.1,3.4,34.28%,4.7,0.8,25.85%
2026,Ollie Gordon,MIA,13.4,3.4,35.89%,7.0,2.3,42.11%
2026,Chuba Hubbard,CAR,13.1,3.1,40.55%,5.1,2.3,35.70%
2026,Kenneth Walker,KAN,13.1,3.7,31.95%,7.8,3.0,38.14%
2026,Chris Rodriguez,JAX,12.7,3.4,27.81%,6.7,2.6,28.63%
2026,Isiah Pacheco,DET,12.5,2.5,22.20%,3.6,1.7,13.11%
2026,Woody Marks,HOU,12.0,0.8,32.49%,6.2,0.7,30.81%
2026,Tank Bigsby,PHI,11.8,2.4,20.48%,5.6,1.8,18.46%
2026,Jalen Hurts,PHI,11.3,5.5,19.61%,7.3,4.3,24.26%
2026,Blake Corum,LAR,11.3,2.3,23.51%,5.8,2.3,22.65%
2026,Kyle Monangai,CHI,11.1,2.9,25.32%,6.2,2.5,29.27%
2026,RJ Harvey,DEN,10.9,3.9,31.79%,6.1,3.5,35.97%
2026,Devin Singletary,NYG,10.4,2.8,25.48%,5.2,1.7,25.08%
2026,Brian Robinson,ATL,10.4,2.8,24.03%,4.1,1.5,23.80%
2026,Sean Tucker,TAM,10.1,4.6,30.39%,6.0,2.7,34.25%
2026,Bucky Irving,TAM,10.0,1.9,30.29%,3.9,1.3,22.53%
2026,Travis Etienne,NOR,9.8,1.9,27.80%,3.3,0.9,25.30%
2026,Aaron Jones,MIN,9.8,1.8,33.48%,5.1,2.0,34.64%
2026,Trevor Lawrence,JAX,9.7,5.5,21.17%,6.0,3.5,25.36%
2026,Tony Pollard,TEN,9.6,2.1,34.24%,3.5,1.3,30.88%
2026,Breece Hall,NYJ,9.5,2.2,45.27%,3.1,1.3,48.04%
2026,Anthony Richardson,IND,8.8,3.3,16.05%,5.0,2.6,17.12%
2026,Tyler Allgeier,ARI,8.6,2.5,26.16%,4.0,1.8,24.47%
2026,Travis Homer,PIT,8.6,0.0,18.31%,3.3,0.0,14.92%
2026,James Conner,ARI,8.4,3.1,25.50%,4.4,1.9,26.44%
2026,Kimani Vidal,LAC,8.4,1.4,21.19%,4.4,1.5,23.41%
2026,Justin Fields,KAN,8.2,3.7,20.11%,5.7,3.5,27.96%
2026,Daniel Jones,IND,8.2,3.4,15.02%,5.3,3.3,18.03%
2026,Jerome Ford,WAS,8.2,1.5,15.55%,3.9,1.5,14.46%
2026,Roschon Johnson,CHI,8.1,4.2,18.38%,4.7,3.1,21.93%
2026,Zonovan Knight,ARI,8.0,2.4,24.18%,4.1,1.9,24.57%
2026,J.K. Dobbins,DEN,7.9,2.0,23.01%,4.0,1.5,23.77%
2026,Isaac Guerendo,SFO,7.8,2.4,15.36%,3.6,2.6,14.32%
2026,Alvin Kamara,NOR,7.8,1.5,22.10%,2.9,0.9,22.08%
2026,Kenneth Gainwell,TAM,7.8,1.8,23.42%,3.3,1.4,18.87%
2026,Jordan Mason,MIN,7.7,2.7,26.28%,5.0,1.8,33.83%
2026,Cam Skattebo,NYG,7.5,2.5,18.39%,5.5,2.5,26.53%
2026,Jaxson Dart,NYG,7.2,3.0,17.61%,4.2,2.4,20.18%
2026,Bhayshul Tuten,JAX,7.1,4.2,15.65%,5.2,3.5,22.26%
2026,Drake Maye,NWE,6.8,2.1,16.66%,1.0,0.0,5.66%
2026,Lamar Jackson,BAL,6.8,2.6,13.40%,1.3,0.2,5.21%
2026,Tyler Shough,NOR,6.7,0.7,19.04%,2.0,0.7,15.26%
2026,Samaje Perine,CIN,6.6,1.8,17.09%,3.3,1.7,18.57%
2026,Ty Johnson,BUF,6.5,1.8,10.51%,3.5,1.2,10.70%
2026,Elijah Mitchell,PHI,6.2,1.1,10.74%,3.2,0.7,10.55%
2026,Tyrone Tracy,NYG,6.1,0.9,14.86%,2.1,1.1,10.28%
2026,Dak Prescott,DAL,5.9,1.3,14.03%,3.5,0.7,15.76%
2026,Emanuel Wilson,SEA,5.8,1.7,14.12%,3.0,1.8,13.24%
2026,Gary Brightwell,CIN,5.6,1.9,14.34%,2.3,1.7,12.78%
2026,Sam Howell,DAL,5.5,3.2,13.05%,2.1,1.5,9.30%
2026,Justin Herbert,LAC,5.4,1.9,13.59%,2.6,1.6,14.08%
2026,Bryce Young,CAR,5.3,2.6,16.46%,1.8,1.1,12.43%
2026,Raheim Sanders,CLE,5.3,1.1,16.03%,3.5,0.9,19.35%
2026,Cam Ward,TEN,5.2,1.3,18.72%,0.8,0.0,7.12%
2026,Carson Steele,PHI,5.1,0.0,8.85%,2.6,0.0,8.56%
2026,Ameer Abdullah,JAX,5.1,1.6,11.09%,2.2,1.1,9.55%
2026,AJ Dillon,CAR,5.0,0.8,15.54%,2.0,0.4,13.85%
2026,Easton Stick,IND,5.0,1.0,9.18%,2.1,1.1,7.29%
2026,Brashard Smith,KAN,4.9,0.0,12.00%,0.4,0.0,2.05%
2026,Jayden Daniels,WAS,4.9,2.1,9.26%,3.9,2.2,14.77%
2026,Ray Davis,BUF,4.9,0.8,7.93%,2.2,0.4,6.76%
2026,Bo Nix,DEN,4.8,2.8,14.09%,1.2,0.9,7.33%
2026,Jaylen Wright,MIA,4.7,1.6,12.51%,2.4,1.6,14.76%
2026,Pierre Strong,GNB,4.6,2.6,9.84%,2.9,1.7,13.83%
2026,Patrick Mahomes,KAN,4.3,1.3,10.43%,2.1,0.9,10.21%
2026,Brock Purdy,SFO,4.2,2.5,8.26%,2.3,1.7,9.05%
2026,J.J. McCarthy,MIN,4.1,2.0,14.03%,1.2,0.9,8.44%
2026,Emari Demercado,KAN,4.0,0.0,9.86%,0.6,0.0,2.81%
2026,Tyjae Spears,TEN,4.0,1.6,14.28%,2.1,1.4,18.50%
2026,Trevor Etienne,CAR,3.9,0.0,12.18%,1.9,0.0,13.26%
2026,Braelon Allen,NYJ,3.9,1.0,18.55%,0.6,0.3,9.70%
2026,Jordan Love,GNB,3.8,1.0,8.08%,1.4,0.9,6.73%
2026,Sincere McCormick,SFO,3.7,0.0,7.23%,2.4,0.0,9.72%
2026,Khalil Herbert,SFO,3.6,0.6,6.96%,1.2,0.4,4.80%
2026,Jeremy McNichols,WAS,3.5,0.9,6.72%,1.3,0.7,4.82%
2026,Audric Estime,NOR,3.5,0.6,9.96%,1.7,0.5,13.07%
2026,Malik Davis,DAL,3.5,0.9,8.40%,1.6,0.8,7.10%
2026,Cooper Rush,ATL,3.5,0.0,8.04%,0.3,0.0,2.02%
2026,Sam Darnold,SEA,3.5,0.5,8.40%,1.6,0.6,7.17%
2026,Teddy Bridgewater,DET,3.4,0.0,6.14%,1.6,0.0,5.80%
2026,Patrick Taylor,SFO,3.3,0.6,6.51%,2.1,0.6,8.58%
2026,Jaleel McLaughlin,DEN,3.2,0.9,9.32%,1.2,0.7,7.30%
2026,Tyler Warren,IND,3.2,0.8,5.82%,2.3,0.8,7.77%
2026,Michael Burton,CLE,3.1,0.8,9.52%,2.1,0.7,11.73%
2026,Justice Hill,BAL,3.0,0.8,6.00%,1.4,0.8,5.55%
2026,Jaret Patterson,LAC,3.0,1.3,7.60%,2.4,1.2,12.55%
2026,Caleb Williams,CHI,3.0,0.8,6.81%,1.1,0.4,5.09%
2026,Tyler Goodson,ATL,2.9,0.7,6.79%,0.6,0.0,3.70%
2026,Dameon Pierce,PHI,2.8,0.4,4.90%,1.3,0.4,4.39%
2026,Andy Dalton,PHI,2.7,0.0,4.78%,1.9,0.0,6.33%
2026,Drew Lock,SEA,2.7,1.6,6.65%,0.4,0.0,1.60%
2026,Michael Penix,ATL,2.7,1.0,6.29%,1.6,0.6,9.25%
2026,C.J. Stroud,HOU,2.7,0.8,7.30%,1.8,0.7,8.76%
2026,Baker Mayfield,TAM,2.7,1.2,8.12%,1.7,1.0,9.54%
2026,Kene Nwangwu,NYJ,2.7,0.0,12.77%,1.3,0.0,20.47%
2026,Eric Gray,NYG,2.7,0.0,6.49%,1.8,0.0,8.87%
2026,Michael Carter,TEN,2.6,0.7,9.33%,1.5,0.5,13.56%
2026,Tyson Bagent,CHI,2.5,1.5,5.79%,1.9,1.3,9.10%
2026,Kyler Murray,MIN,2.5,0.7,8.72%,1.1,0.6,7.31%
2026,Rashee Rice,KAN,2.5,0.8,6.16%,1.8,0.9,8.98%
2026,Matthew Stafford,LAR,2.5,0.0,5.26%,1.5,0.1,5.90%
2026,Marcus Mariota,WAS,2.4,1.0,4.60%,1.8,0.7,6.66%
2026,Jared Goff,DET,2.4,0.3,4.31%,0.6,0.3,2.16%
2026,Tyler Conklin,DET,2.4,0.0,4.31%,1.6,0.0,5.85%
2026,Jonathon Brooks,CAR,2.4,0.0,7.39%,1.0,0.0,6.94%
2026,Durham Smythe,BAL,2.4,1.4,4.65%,1.4,1.0,5.69%
2026,Nick Mullens,JAX,2.3,0.0,5.12%,0.7,0.0,2.78%
2026,Malik Willis,MIA,2.3,0.3,6.18%,0.3,0.0,1.70%
2026,Sam Ehlinger,DEN,2.3,0.0,6.65%,1.1,0.0,6.52%
2026,Salvon Ahmed,CHI,2.2,0.7,5.08%,0.9,0.0,4.26%
2026,Jaydon Blue,DAL,2.2,0.0,5.30%,1.0,0.0,4.65%
2026,Deebo Samuel,SFO,2.2,0.5,4.35%,1.1,0.4,4.22%
2026,Jacoby Brissett,ARI,2.2,0.4,6.73%,1.1,0.4,6.75%
2026,British Brooks,HOU,2.2,0.0,5.94%,1.6,0.0,8.02%
2026,Jawhar Jordan,HOU,2.2,0.0,5.94%,0.9,0.0,4.72%
2026,Dare Ogunbowale,LVR,2.2,0.4,8.21%,0.7,0.0,4.86%
2026,Ronnie Rivers,LAR,2.2,0.0,4.57%,0.7,0.0,2.66%
2026,Connor Heyward,LVR,2.1,1.1,7.96%,1.6,0.8,11.51%
2026,Tyrod Taylor,GNB,2.1,1.3,4.56%,0.3,0.0,1.25%
2026,Zach Wilson,NOR,2.1,0.3,5.91%,0.6,0.0,4.31%
2026,Joe Burrow,CIN,2.0,0.5,5.20%,1.7,0.5,9.42%
2026,Jake Browning,TAM,2.0,1.2,5.94%,1.7,1.2,9.63%
2026,Geno Smith,NYJ,2.0,0.2,9.35%,0.6,0.0,8.48%
2026,Devin Neal,NOR,1.9,1.1,5.38%,1.6,1.1,11.81%
2026,Ty Chandler,NOR,1.9,0.5,5.38%,0.7,0.4,5.65%
2026,Raheem Blackshear,DET,1.9,1.1,3.35%,1.0,0.5,3.45%
2026,Mark Andrews,BAL,1.8,0.0,3.58%,0.9,0.0,3.46%
2026,Zavier Scott,MIN,1.8,0.0,6.17%,0.5,0.0,3.29%
2026,Aaron Rodgers,PIT,1.8,0.8,3.82%,1.3,0.6,5.66%
2026,Riley Leonard,IND,1.8,1.0,3.24%,0.9,0.6,2.94%
2026,AJ Barner,SEA,1.8,0.9,4.27%,0.9,0.7,4.07%
2026,Terrell Jennings,NWE,1.7,0.7,4.25%,1.2,0.6,6.44%
2026,Trey Lance,LAC,1.7,0.0,4.42%,1.4,0.0,7.47%
2026,Kenny Pickett,CAR,1.7,0.8,5.31%,1.4,0.7,9.64%
2026,Dylan Sampson,CLE,1.7,0.0,5.14%,0.4,0.0,2.00%
2026,Joe Milton,DAL,1.7,0.5,3.99%,1.4,0.4,6.45%
2026,Greg Dortch,DET,1.7,1.0,2.96%,1.1,0.8,3.86%
2026,Mac Jones,SFO,1.7,0.5,3.26%,0.8,0.4,3.27%
2026,Chris Brooks,GNB,1.7,0.4,3.57%,0.5,0.3,2.15%
2026,Mason Rudolph,PIT,1.7,0.0,3.55%,0.1,0.0,0.44%
2026,Will Levis,TEN,1.6,0.3,5.68%,0.4,0.2,3.42%
2026,Keaton Mitchell,LAC,1.6,0.0,3.99%,0.2,0.0,1.18%
2026,LeQuint Allen,JAX,1.5,0.0,3.39%,1.2,0.0,5.03%
2026,George Holani,SEA,1.5,0.9,3.70%,0.4,0.0,1.70%
2026,Tyler Huntley,BAL,1.5,0.4,2.99%,0.6,0.4,2.52%
2026,Deshaun Watson,CLE,1.5,0.7,4.63%,1.0,0.7,5.31%
2026,Patrick Ricard,NYG,1.5,0.0,3.66%,0.8,0.0,3.66%
2026,Tommy DeVito,NWE,1.5,0.7,3.63%,0.3,0.0,1.38%
2026,Kyle Juszczyk,SFO,1.5,0.3,2.88%,1.1,0.0,4.53%
2026,Trey Benson,ARI,1.4,0.3,4.38%,0.9,0.3,5.21%
2026,Phil Mafah,DAL,1.4,0.9,3.44%,1.0,0.8,4.65%
2026,DJ Giddens,IND,1.4,0.0,2.62%,1.1,0.0,3.63%
2026,Julius Chestnut,TEN,1.4,0.0,5.06%,1.3,0.0,11.58%
2026,Tyler Badie,DEN,1.4,0.0,4.12%,1.2,0.0,7.07%
2026,Jameis Winston,NYG,1.4,0.8,3.34%,0.8,0.6,3.68%
2026,Xavier Gipson,NYG,1.3,0.8,3.28%,0.1,0.0,0.60%
2026,Alec Ingold,LAC,1.3,0.5,3.37%,0.6,0.5,3.32%
2026,Kendre Miller,NOR,1.3,0.4,3.75%,0.2,0.2,1.63%
2026,Kirk Cousins,LVR,1.3,0.4,4.96%,0.6,0.4,4.58%
2026,Gardner Minshew,ARI,1.3,0.4,3.98%,0.6,0.3,3.68%
2026,Aidan O'Connell,LVR,1.3,0.8,4.89%,1.1,0.7,8.08%
2026,Chimere Dike,TEN,1.3,0.0,4.59%,0.7,0.0,6.11%
2026,Andrew Beck,NYJ,1.3,0.2,6.08%,0.4,0.1,5.77%
2026,Jarrett Stidham,DEN,1.3,0.0,3.72%,0.8,0.0,4.80%
2026,Hunter Luepke,DAL,1.3,0.2,3.00%,0.9,0.2,3.89%
2026,Greg Dulcich,MIA,1.2,0.0,3.32%,1.2,0.0,7.17%
2026,Shedeur Sanders,CLE,1.2,0.7,3.68%,0.1,0.0,0.81%
2026,Corey Kiner,ARI,1.2,0.0,3.54%,0.3,0.0,1.81%
2026,Noah Gray,KAN,1.2,0.3,2.81%,0.3,0.3,1.67%
2026,Jordan Mims,MIN,1.1,0.0,3.64%,0.7,0.0,4.99%
2026,Harold Fannin,CLE,1.1,0.6,3.22%,0.9,0.6,4.81%
2026,Drew Sample,CIN,1.0,0.0,2.67%,0.1,0.0,0.68%
2026,Travis Kelce,KAN,1.0,0.0,2.50%,0.9,0.0,4.42%
2026,KhaDarel Hodge,SFO,1.0,0.0,2.01%,0.1,0.0,0.29%
2026,Cole Kmet,CHI,1.0,0.0,2.30%,0.2,0.0,0.83%
2026,Case Keenum,CHI,1.0,0.0,2.27%,0.6,0.0,2.92%
2026,Davis Mills,HOU,1.0,0.0,2.70%,0.5,0.0,2.33%
2026,D.K. Metcalf,PIT,1.0,0.6,2.13%,0.0,0.0,0.06%
2026,Kyle Allen,BUF,1.0,0.0,1.62%,0.5,0.0,1.60%
2026,Terrance Ferguson,LAR,1.0,0.0,2.07%,0.1,0.0,0.32%
2026,Evan Engram,DEN,1.0,0.0,2.87%,0.3,0.0,1.89%
2026,Jake Bobo,SEA,1.0,0.6,2.35%,1.0,0.8,4.50%
2026,Stefon Diggs,WAS,1.0,0.6,1.82%,0.0,0.0,0.08%
2026,Reggie Gilliam,NWE,0.9,0.0,2.31%,0.4,0.0,2.46%
2026,Jakobi Meyers,JAX,0.9,0.2,2.04%,0.0,0.0,0.06%
2026,Isaiah Davis,NYJ,0.9,0.0,4.37%,0.2,0.0,3.47%
2026,Cade Stover,HOU,0.9,0.0,2.48%,0.1,0.0,0.32%
2026,Mitchell Trubisky,TEN,0.9,0.4,3.27%,0.6,0.4,5.10%
2026,Xavier Worthy,KAN,0.9,0.5,2.18%,0.7,0.5,3.24%
2026,Trey McBride,ARI,0.9,0.5,2.66%,0.7,0.5,4.07%
2026,Darius Slayton,NYG,0.9,0.0,2.14%,0.0,0.0,0.14%
2026,Malik Nabers,NYG,0.9,0.0,2.14%,0.0,0.0,0.14%
2026,Jordan Whittington,LAR,0.9,0.0,1.81%,0.0,0.0,0.06%
2026,Kaleb Johnson,PIT,0.9,0.0,1.84%,0.3,0.0,1.49%
2026,Jameson Williams,DET,0.9,0.3,1.52%,0.3,0.2,0.92%
2026,Brian Thomas,JAX,0.9,0.5,1.86%,0.0,0.0,0.06%
2026,Parker Washington,JAX,0.9,0.0,1.86%,0.0,0.0,0.06%
2026,Skyy Moore,GNB,0.8,0.0,1.81%,0.1,0.0,0.43%
2026,Carson Wentz,MIN,0.8,0.0,2.89%,0.2,0.1,1.06%
2026,Tua Tagovailoa,ATL,0.8,0.0,1.94%,0.2,0.0,1.05%
2026,D.J. Moore,BUF,0.8,0.0,1.36%,0.0,0.0,0.06%
2026,Dyami Brown,WAS,0.8,0.0,1.55%,0.0,0.0,0.06%
2026,Tyquan Thornton,KAN,0.8,0.0,2.00%,0.1,0.0,0.52%
2026,DeeJay Dallas,JAX,0.8,0.0,1.78%,0.5,0.0,2.08%
2026,Puka Nacua,LAR,0.8,0.3,1.69%,0.3,0.3,1.34%
2026,Nico Collins,HOU,0.8,0.5,2.18%,0.0,0.0,0.06%
2026,Adam Prentice,DEN,0.8,0.0,2.33%,0.9,0.0,5.15%
2026,George Pickens,DAL,0.8,0.5,1.82%,0.6,0.4,2.57%
2026,Daniel Bellinger,TEN,0.7,0.4,2.62%,0.4,0.3,3.28%
2026,Calvin Austin,NYG,0.7,0.4,1.79%,0.0,0.0,0.23%
2026,Justin Jefferson,MIN,0.7,0.2,2.51%,0.1,0.1,0.98%
2026,David Moore,CAR,0.7,0.0,2.25%,0.0,0.0,0.12%
2026,Malik Washington,MIA,0.7,0.4,1.90%,0.0,0.0,0.07%
2026,Joe Flacco,CIN,0.7,0.1,1.77%,0.1,0.0,0.74%
2026,Jaylen Waddle,DEN,0.7,0.0,2.01%,0.0,0.0,0.12%
2026,Montrell Washington,HOU,0.7,0.0,1.82%,0.1,0.0,0.43%
2026,Colston Loveland,CHI,0.7,0.0,1.52%,0.1,0.0,0.28%
2026,Will Shipley,PHI,0.7,0.0,1.15%,0.3,0.0,1.02%
2026,Jalen Nailor,LVR,0.7,0.0,2.44%,0.6,0.0,4.14%
2026,Malachi Corley,CLE,0.6,0.0,1.83%,0.5,0.0,2.86%
2026,Evan Hull,ARI,0.6,0.0,1.78%,0.4,0.0,2.33%
2026,Josh Johnson,CIN,0.6,0.3,1.49%,0.4,0.3,2.32%
2026,Bailey Zappe,NYJ,0.6,0.0,2.74%,0.2,0.0,3.43%
2026,Derius Davis,LAC,0.6,0.0,1.46%,0.0,0.0,0.08%
2026,Jayden Reed,GNB,0.5,0.0,1.15%,0.0,0.0,0.08%
2026,Rasheen Ali,BAL,0.5,0.0,1.04%,0.3,0.0,1.02%
2026,Chris Godwin,TAM,0.5,0.0,1.58%,0.0,0.0,0.27%
2026,Erik Ezukanma,PHI,0.5,0.0,0.90%,0.5,0.0,1.60%
2026,Calvin Ridley,TEN,0.5,0.3,1.83%,0.0,0.0,0.11%
2026,CeeDee Lamb,DAL,0.5,0.2,1.17%,0.3,0.2,1.16%
2026,Tre Tucker,LVR,0.5,0.3,1.77%,0.3,0.3,2.50%
2026,Jordan Addison,MIN,0.5,0.3,1.62%,0.0,0.0,0.11%
2026,Elijah Moore,PHI,0.4,0.2,0.68%,0.3,0.2,1.03%
2026,Ben Skowronek,PIT,0.4,0.0,0.83%,0.1,0.0,0.51%
2026,Dillon Gabriel,CLE,0.3,0.0,1.00%,0.1,0.0,0.81%
2026,KaVontae Turpin,DAL,0.3,0.2,0.65%,0.0,0.0,0.09%
2026,Mecole Hardman,BUF,0.3,0.2,0.44%,0.2,0.2,0.65%
2026,Velus Jones,SEA,0.3,0.0,0.66%,0.1,0.0,0.47%
2026,Dallas Goedert,PHI,0.3,0.0,0.46%,0.1,0.0,0.46%
2026,Braxton Berrios,NYG,0.2,0.0,0.61%,0.1,0.0,0.46%
2026,Spencer Rattler,NOR,0.2,0.0,0.69%,0.1,0.0,0.89%
2026,Ja'Marr Chase,CIN,0.2,0.0,0.61%,0.1,0.0,0.44%
2026,T.J. Hockenson,MIN,0.2,0.0,0.65%,0.1,0.0,0.71%
2026,Kendrick Bourne,ARI,0.2,0.0,0.54%,0.1,0.0,0.41%
2026,Treylon Burks,WAS,0.2,0.0,0.33%,0.1,0.0,0.23%
2026,Xavier Hutchinson,HOU,0.2,0.0,0.47%,0.2,0.0,0.81%
2026,George Kittle,SFO,0.2,0.0,0.34%,0.1,0.0,0.33%
2026,Garrett Wilson,NYJ,0.2,0.0,0.74%,0.0,0.0,0.54%
2026,Quez Watkins,PHI,0.2,0.0,0.27%,0.0,0.0,0.15%
2026,Khalil Shakir,BUF,0.1,0.0,0.24%,0.1,0.0,0.16%
2026,Zay Flowers,BAL,0.1,0.0,0.28%,0.0,0.0,0.03%
2026,Wan'Dale Robinson,TEN,0.1,0.0,0.38%,0.0,0.0,0.35%
2026,John Metchie,CAR,0.1,0.0,0.32%,0.0,0.0,0.21%
2026,Ihmir Smith-Marsette,ARI,0.1,0.0,0.31%,0.0,0.0,0.19%
2026,Darnell Mooney,NYG,0.1,0.0,0.21%,0.0,0.0,0.16%
2026,Devin Duvernay,ARI,0.1,0.0,0.24%,0.0,0.0,0.05%
2026,Amon-Ra St. Brown,DET,0.1,0.0,0.12%,0.0,0.0,0.03%
2026,Ricky Pearsall,SFO,0.1,0.0,0.12%,0.0,0.0,0.09%
2026,Kalif Raymond,CHI,0.1,0.0,0.14%,0.0,0.0,0.09%
2026,DJ Turner,HOU,0.1,0.0,0.16%,0.0,0.0,0.10%
2026,Tre Harris,LAC,0.1,0.0,0.14%,0.0,0.0,0.10%
2026,Jalen Reagor,MIA,0.1,0.0,0.15%,0.0,0.0,0.10%
2026,Matthew Golden,GNB,0.1,0.0,0.11%,0.0,0.0,0.08%
2026,Savion Williams,GNB,0.1,0.0,0.11%,0.0,0.0,0.08%
2026,Tez Johnson,TAM,0.1,0.0,0.16%,0.0,0.0,0.09%
2026,Cooper Kupp,SEA,0.1,0.0,0.12%,0.0,0.0,0.08%
2026,Christian Watson,GNB,0.0,0.0,0.10%,0.0,0.0,0.08%
2026,Travis Hunter,JAX,0.0,0.0,0.10%,0.0,0.0,0.06%
2026,Tutu Atwell,MIA,0.0,0.0,0.12%,0.0,0.0,0.08%
2026,Rashid Shaheed,SEA,0.0,0.0,0.10%,0.0,0.0,0.09%
2026,Tank Dell,HOU,0.0,0.0,0.11%,0.0,0.0,0.08%
2026,DeVonta Smith,PHI,0.0,0.0,0.07%,0.0,0.0,0.04%
2026,Deven Thompkins,LVR,0.0,0.0,0.14%,0.0,0.0,0.08%
2026,DeMario Douglas,NWE,0.0,0.0,0.09%,0.0,0.0,0.07%
2026,Marvin Mims,DEN,0.0,0.0,0.09%,0.0,0.0,0.07%
2026,Jalen McMillan,TAM,0.0,0.0,0.09%,0.0,0.0,0.06%
2026,Adonai Mitchell,NYJ,0.0,0.0,0.14%,0.0,0.0,0.09%
2026,Ashton Dulin,IND,0.0,0.0,0.05%,0.0,0.0,0.03%
2026,Robert Hunt,CAR,0.0,0.0,0.00%,0.0,0.0,0.00%
